Customer_ID,Customer_Name,DeliveryBoy_ID,DeliveryBoy_Name,Route_No,Customer_Status,Month,Year,Billing_Date,Delivery_Days,Daily_Milk_Litre,Total_Morning_Litre,Price_Per_Litre,Opening_Balance,Bill_Amount,Payment_Received,Closing_Balance,Payment_Mode,Payment_Status,Delivery_Type,Commission_Rate,Commission_Amount
C1001,Ajay Gohil,DB001,Amit Patel,1,Active,June,2026,29-06-2026,15,1,15,64,-49.38,960,772.39,138.23,Bank Transfer,Partial,Commission,5,48
C1001,Ajay Gohil,DB001,Amit Patel,1,Active,February,2026,28-02-2026,8,1,8,64,138.23,512,532.72,117.51,UPI,Partial,Commission,5,25.6
C1001,Ajay Gohil,DB001,Amit Patel,1,Active,May,2026,26-05-2026,7,1,7,64,117.51,448,370.65,194.86,Cash,Pending,Commission,5,22.4
C1001,Ajay Gohil,DB001,Amit Patel,1,Active,April,2026,29-04-2026,18,1,18,64,194.86,1152,1081.82,265.04,UPI,Pending,Commission,5,57.6
C1002,Ankit Parmar,DB002,Rahul Parmar,2,Active,February,2026,27-02-2026,28,2,56,58,240.37,3248,3220.99,267.38,UPI,Partial,Fixed Salary,0,0
C1002,Ankit Parmar,DB002,Rahul Parmar,2,Active,June,2026,27-06-2026,29,2,58,58,267.38,3364,3547.56,83.82,Cash,Pending,Fixed Salary,0,0
C1002,Ankit Parmar,DB002,Rahul Parmar,2,Active,May,2026,26-05-2026,31,2,62,58,83.82,3596,3601.72,78.1,Cash,Partial,Fixed Salary,0,0
C1002,Ankit Parmar,DB002,Rahul Parmar,2,Active,April,2026,27-04-2026,28,2,56,58,78.1,3248,3255.45,70.65,Cash,Partial,Fixed Salary,0,0
C1002,Ankit Parmar,DB002,Rahul Parmar,2,Active,March,2026,30-03-2026,29,2,58,58,70.65,3364,3315.83,118.82,UPI,Partial,Fixed Salary,0,0
C1003,Nilesh Soni,DB003,Jignesh Solanki,3,Active,April,2026,29-04-2026,29,0.5,14.5,64,111.12,928,969.25,69.87,UPI,Partial,Commission,4,37.12
C1003,Nilesh Soni,DB003,Jignesh Solanki,3,Active,March,2026,29-03-2026,31,0.5,15.5,64,69.87,992,1003.62,58.25,UPI,Pending,Commission,4,39.68
C1003,Nilesh Soni,DB003,Jignesh Solanki,3,Active,January,2026,25-01-2026,29,0.5,14.5,64,58.25,928,851.52,134.73,Cash,Partial,Commission,4,37.12
C1004,Paresh Thakkar,DB004,Hardik Chauhan,4,Active,January,2026,31-01-2026,29,1.5,43.5,65,52.79,2827.5,2700.46,179.83,Bank Transfer,Partial,Fixed Salary,0,0
C1004,Paresh Thakkar,DB004,Hardik Chauhan,4,Active,February,2026,26-02-2026,26,1.5,39,65,179.83,2535,2469.18,245.65,Cash,Pending,Fixed Salary,0,0
C1004,Paresh Thakkar,DB004,Hardik Chauhan,4,Active,March,2026,31-03-2026,31,1.5,46.5,65,245.65,3022.5,3174.49,93.66,UPI,Partial,Fixed Salary,0,0
C1005,Bharat Rathod,DB005,Mehul Joshi,5,Active,February,2026,28-02-2026,28,0.5,14,64,287.71,896,1102.36,81.35,Cash,Pending,Commission,5,44.8
C1005,Bharat Rathod,DB005,Mehul Joshi,5,Active,May,2026,28-05-2026,29,0.5,14.5,64,81.35,928,915.64,93.71,Bank Transfer,Pending,Commission,5,46.4
C1005,Bharat Rathod,DB005,Mehul Joshi,5,Active,January,2026,28-01-2026,30,0.5,15,64,93.71,960,1048.25,5.46,Cash,Partial,Commission,5,48
C1005,Bharat Rathod,DB005,Mehul Joshi,5,Active,March,2026,26-03-2026,31,0.5,15.5,64,5.46,992,875.97,121.49,UPI,Pending,Commission,5,49.6
C1005,Bharat Rathod,DB005,Mehul Joshi,5,Active,April,2026,29-04-2026,29,0.5,14.5,64,121.49,928,1015.43,34.06,UPI,Pending,Commission,5,46.4
C1005,Bharat Rathod,DB005,Mehul Joshi,5,Active,June,2026,25-06-2026,29,0.5,14.5,64,34.06,928,823.79,138.27,UPI,Partial,Commission,5,46.4
C1006,Ketan Parmar,DB006,Vishal Rabari,6,Active,May,2026,,24,3,72,60,68.2,4320,4231.85,156.35,UPI,Partial,Fixed Salary,0,0
C1006,Ketan Parmar,DB006,Vishal Rabari,6,Active,March,2026,26-03-2026,26,3,78,60,156.35,4680,4610.28,226.07,UPI,Pending,Fixed Salary,0,0
C1006,Ketan Parmar,DB006,Vishal Rabari,6,,February,2026,25-02-2026,26,3,78,60,226.07,4680,4623.15,282.92,Cash,Paid,Fixed Salary,0,0
C1006,Ketan Parmar,DB006,Vishal Rabari,6,Active,January,2026,30-01-2026,27,3,81,60,282.92,4860,4865.07,277.85,Cash,Partial,Fixed Salary,0,0
C1006,Ketan Parmar,DB006,Vishal Rabari,6,Active,April,2026,29-04-2026,26,3,78,60,277.85,4680,4751.39,206.46,UPI,Partial,Fixed Salary,0,0
C1006,Ketan Parmar,DB006,Vishal Rabari,6,Active,June,2026,26-06-2026,25,3,75,60,206.46,4500,4522.04,184.42,UPI,Pending,Fixed Salary,0,0
C1007,Kalpesh Trivedi,DB007,Karan Gohil,7,Active,January,2026,30-01-2026,11,2,22,58,-63.94,1276,1199.73,12.33,Bank Transfer,Partial,Commission,6,76.56
C1007,Kalpesh Trivedi,DB007,Karan Gohil,7,Active,February,2026,27-02-2026,18,2,36,58,12.33,2088,2003.07,97.26,Cash,Pending,Commission,6,125.28
C1007,Kalpesh Trivedi,DB007,Karan Gohil,7,Active,May,2026,28-05-2026,18,2,36,58,97.26,2088,2092.8,92.46,UPI,Pending,Commission,6,125.28
C1007,Kalpesh Trivedi,DB007,Karan Gohil,7,Active,March,2026,25-03-2026,16,2,32,58,92.46,1856,1814.42,134.04,Cash,Partial,Commission,6,111.36
C1008,Yash Solanki,DB001,Amit Patel,8,Active,February,2026,28-02-2026,26,2,52,64,269.96,3328,3490.39,107.57,Cash,Partial,Commission,5,166.4
C1008,Yash Solanki,DB001,Amit Patel,8,Active,April,2026,30-04-2026,30,2,60,64,107.57,3840,3794.52,153.05,UPI,Partial,Commission,5,192
C1008,Yash Solanki,DB001,Amit Patel,8,Active,May,2026,31-05-2026,29,2,58,64,153.05,3712,3840.38,24.67,,Pending,Commission,5,185.6
C1008,Yash Solanki,DB001,Amit Patel,8,Active,January,2026,30-01-2026,31,2,62,64,24.67,3968,3839.23,153.44,UPI,Pending,Commission,5,198.4
C1008,Yash Solanki,DB001,Amit Patel,8,Active,March,2026,26-03-2026,29,2,58,64,153.44,3712,3857.68,7.76,UPI,Partial,Commission,5,185.6
C1009,Harshad Solanki,DB002,Rahul Parmar,9,Active,June,2026,27-06-2026,16,1.5,24,64,353.82,1536,1706.69,183.13,Cash,Partial,Fixed Salary,0,0
C1009,Harshad Solanki,DB002,Rahul Parmar,9,Active,February,2026,27-02-2026,14,1.5,21,64,183.13,1344,1444.63,82.5,Cash,Partial,Fixed Salary,0,0
C1009,Harshad Solanki,DB002,Rahul Parmar,9,Active,January,2026,29-01-2026,21,1.5,31.5,64,82.5,2016,1809.2,289.3,Cash,Partial,Fixed Salary,0,0
C1010,Darshan Parmar,DB003,Jignesh Solanki,10,Active,April,2026,27-04-2026,30,1,30,65,-129.74,1950,1721.91,98.35,Cash,PAID,Commission,4,78
C1010,Darshan Parmar,DB003,Jignesh Solanki,10,Active,February,2026,28-02-2026,26,1,26,65,98.35,1690,1557.87,230.48,UPI,Pending,Commission,4,67.6
C1010,Darshan Parmar,DB003,Jignesh Solanki,10,Active,March,2026,27-03-2026,31,1,31,65,230.48,2015,2089.04,156.44,Bank Transfer,Partial,Commission,4,80.6
C1011,Jayesh Mehta,DB004,Hardik Chauhan,11,Stopped,May,2026,29-05-2026,29,3,87,64,-4.39,5568,5539.19,24.42,UPI,Partial,Fixed Salary,0,0
C1011,Jayesh Mehta,DB004,Hardik Chauhan,11,Stopped,February,2026,27-02-2026,25,3,75,64,24.42,4800,4537.03,287.39,Cash,Pending,Fixed Salary,0,0
C1011,Jayesh Mehta,DB004,Hardik Chauhan,11,Stopped,March,2026,30-03-2026,28,3,84,64,287.39,5376,5373.6,289.79,UPI,Pending,Fixed Salary,0,0
C1011,Jayesh Mehta,DB004,Hardik Chauhan,11,Stopped,June,2026,27-06-2026,22,3,66,64,289.79,4224,4289.65,224.14,UPI,Partial,Fixed Salary,0,0
C1012, Bharat Kansara ,DB005,Mehul Joshi,12,Active,April,2026,27-04-2026,28,2,56,64,342.55,3584,3910.23,16.32,Bank Transfer,Pending,Commission,5,179.2
C1012,Bharat Kansara,DB005,Mehul Joshi,12,Active,February,2026,28-02-2026,26,2,52,64,16.32,3328,3187.39,156.93,Bank Transfer,paid,Commission,5,166.4
C1012,Bharat Kansara,DB005,Mehul Joshi,12,Active,January,2026,27-01-2026,31,2,62,64,156.93,3968,,90.35,UPI,Partial,Commission,5,198.4
C1013,Dilip Parmar,DB006,Vishal Rabari,13,Active,June,2026,28-06-2026,28,1,28,64,365.13,1792,2138.03,19.1,UPI,Pending,Fixed Salary,0,0
C1013,Dilip Parmar,DB006,Vishal Rabari,13,Active,February,2026,28-02-2026,27,1,27,64,19.1,1728,1456.96,290.14,UPI,Pending,Fixed Salary,0,0
C1013,Dilip Parmar,DB006,Vishal Rabari,13,Active,April,2026,26-04-2026,30,1,30,64,290.14,1920,1928.99,281.15,,Pending,Fixed Salary,0,0
C1014,Pravin Makwana,DB007,Karan Gohil,14,Active,February,2026,26-02-2026,26,0.5,13,58,-136.13,754,614.16,3.71,Bank Transfer,Paid,Commission,6,45.24
C1014,Pravin Makwana,DB007,Karan Gohil,14,Active,June,2026,29-06-2026,28,0.5,14,58,3.71,812,691.76,123.95,Bank Transfer,Pending,Commission,6,48.72
C1014,Pravin Makwana,DB007,Karan Gohil,14,Active,January,2026,30-01-2026,29,0.5,14.5,58,123.95,841,812.38,152.57,UPI,Pending,Commission,6,50.46
C1015,Yash Gohil,DB001,Amit Patel,15,Active,June,2026,26-06-2026,28,3,84,64,56.34,5376,,67.78,UPI,Pending,Commission,5,268.8
C1015,Yash Gohil,DB001,Amit Patel,15,Active,April,2026,30-04-2026,30,3,90,64,67.78,5760,5816.13,11.65,Cash,Pending,Commission,5,288
C1015,Yash Gohil,DB001,Amit Patel,15,Active,January,2026,30-01-2026,29,3,87,64,11.65,5568,5499.85,79.8,Bank Transfer,Pending,Commission,5,278.4
C1015,Yash Gohil,DB001,Amit Patel,15,Active,March,2026,25-03-2026,31,3,93,64,79.8,5952,5740.23,291.57,Cash,Partial,Commission,5,297.6
C1015,Yash Gohil,DB001,Amit Patel,15,Active,February,2026,26-02-2026,28,3,84,64,291.57,5376,5663,4.57,Cash,Paid,Commission,5,268.8
C1016,Piyush Rabari,DB002,Rahul Parmar,16,Active,March,2026,31-03-2026,26,1,26,60,29.78,1560,1337.87,251.91,Bank Transfer,Partial,Fixed Salary,0,0
C1016,Piyush Rabari,DB002,Rahul Parmar,16,Active,May,2026,29-05-2026,23,1,23,60,251.91,1380,1500.75,131.16,Bank Transfer,Partial,Fixed Salary,0,0
C1016,Piyush Rabari,DB002,Rahul Parmar,16,Active,February,2026,26-02-2026,22,1,22,60,131.16,1320,1214.4,236.76,Cash,Partial,Fixed Salary,0,0
C1016,Piyush Rabari,DB002,Rahul Parmar,16,Active,April,2026,29-04-2026,23,1,23,60,236.76,1380,1606.89,9.87,UPI,Partial,Fixed Salary,0,0
C1016,Piyush Rabari,DB002,Rahul Parmar,16,Active,June,2026,25-06-2026,23,1,23,60,9.87,1380,1286.41,103.46,UPI,Partial,Fixed Salary,0,0
C1017,Hemant Soni,DB003,Jignesh Solanki,17,Active,March,2026,25-03-2026,29,3,87,58,-124.32,5046,4859.96,61.72,UPI,Partial,Commission,4,201.84
C1017,Hemant Soni,DB003,Jignesh Solanki,17,Active,February,2026,28-02-2026,28,3,84,58,61.72,4872,4907.48,26.24,Bank Transfer,Pending,Commission,4,194.88
C1017,Hemant Soni,DB003,Jignesh Solanki,17,Active,January,2026,27-01-2026,29,3,87,58,26.24,5046,5032.44,39.8,Bank Transfer,Partial,Commission,4,201.84
C1017,Hemant Soni,DB003,Jignesh Solanki,17,Active,June,2026,27-06-2026,29,3,87,58,39.8,5046,4984.85,100.95,Cash,Partial,Commission,4,201.84
C1017,Hemant Soni,DB003,Jignesh Solanki,17,Active,May,2026,27-05-2026,,3,90,58,100.95,5220,5041.92,279.03,UPI,Pending,Commission,4,208.8
C1017,Hemant Soni,DB003,Jignesh Solanki,17,Active,April,2026,28-04-2026,30,3,90,58,279.03,5220,5347.91,151.12,Cash,Partial,Commission,4,208.8
C1018,Hitesh Rabari,DB004,Hardik Chauhan,18,Active,May,2026,27-05-2026,30,0.5,15,65,237.56,975,1212.17,0.39,UPI,Paid,Fixed Salary,0,0
C1018,Hitesh Rabari,DB004,Hardik Chauhan,18,Active,February,2026,25-02-2026,26,0.5,13,65,0.39,845,844.08,1.31,Cash,Paid,Fixed Salary,0,0
C1018,Hitesh Rabari,DB004,Hardik Chauhan,18,Active,January,2026,29-01-2026,30,0.5,15,65,1.31,975,767.75,208.56,UPI,Pending,Fixed Salary,0,0
C1018,Hitesh Rabari,DB004,Hardik Chauhan,18,Active,March,2026,29-03-2026,30,0.5,15,65,208.56,975,896.4,287.16,Bank Transfer,Pending,Fixed Salary,0,0
C1018,Hitesh Rabari,DB004,Hardik Chauhan,18,Active,June,2026,28-06-2026,28,0.5,14,65,287.16,910,1112.04,85.12,UPI,Partial,Fixed Salary,0,0
C1018,Hitesh Rabari,DB004,Hardik Chauhan,18,Active,April,2026,28-04-2026,28,0.5,14,65,85.12,910,,32.98,Bank Transfer,Partial,Fixed Salary,0,0
C1019,Bhavesh Thakkar,DB005,Mehul Joshi,19,Active,April,2026,29-04-2026,24,0.5,12,65,45.59,780,763.75,61.84,Cash,Pending,Commission,5,39
C1019,Bhavesh Thakkar,DB005,Mehul Joshi,19,Active,January,2026,28-01-2026,27,0.5,13.5,65,61.84,877.5,888.01,51.33,Bank Transfer,Partial,Commission,5,43.88
C1019,Bhavesh Thakkar,DB005,Mehul Joshi,19,Active,June,2026,27-06-2026,23,0.5,11.5,65,51.33,747.5,639.37,159.46,Bank Transfer,Partial,Commission,5,37.38
C1019,Bhavesh Thakkar,DB005,Mehul Joshi,19,Active,March,2026,30-03-2026,27,0.5,13.5,65,159.46,877.5,938.96,98,UPI,Pending,Commission,5,43.88
C1019,Bhavesh Thakkar,DB005,Mehul Joshi,19,Active,May,2026,28-05-2026,27,0.5,13.5,65,98,877.5,752.9,222.6,UPI,Pending,Commission,5,43.88
C1020,Paresh Soni,DB006,Vishal Rabari,20,Active,May,2026,30-05-2026,30,2.5,75,62,33.73,4650,4457.31,226.42,Bank Transfer,Partial,Fixed Salary,0,0
C1020,Paresh Soni,DB006,Vishal Rabari,20,Active,February,2026,27-02-2026,26,2.5,65,62,226.42,4030,3963.99,292.43,Bank Transfer,Pending,Fixed Salary,0,0
C1020,Paresh Soni,DB006,Vishal Rabari,20,Active,March,2026,30-03-2026,29,2.5,72.5,62,292.43,4495,4716.57,70.86,UPI,Pending,Fixed Salary,0,0
C1021,Nilesh Kansara,DB007,Karan Gohil,21,Stopped,March,2026,27-03-2026,30,3,90,60,61.33,5400,5402.47,58.86,Bank Transfer,Partial,Commission,6,324
C1021,Nilesh Kansara,DB007,Karan Gohil,21,Stopped,June,2026,25-06-2026,28,3,84,60,,5040,4833.29,265.57,Cash,Partial,Commission,6,302.4
C1021,Nilesh Kansara,DB007,Karan Gohil,21,Stopped,April,2026,29-04-2026,29,3,87,60,265.57,5220,5229.27,256.3,Cash,Partial,Commission,6,313.2
C1022,Bharat Vekariya,DB001,Amit Patel,22,Stopped,January,2026,30-01-2026,29,2,58,62,-8.53,3596,3387.1,200.37,Bank Transfer,Partial,Commission,5,179.8
C1022,Bharat Vekariya,DB001,Amit Patel,22,Stopped,February,2026,27-02-2026,26,2,52,62,200.37,3224,3231.91,192.46,Cash,Pending,Commission,5,161.2
C1022,Bharat Vekariya,DB001,Amit Patel,22,Stopped,April,2026,26-04-2026,29,2,58,62,192.46,3596,3599.98,188.48,UPI,Pending,Commission,5,179.8
C1022,Bharat Vekariya,DB001,Amit Patel,22,Stopped,March,2026,27-03-2026,30,2,60,62,188.48,3720,3694.53,213.95,Bank Transfer,Partial,Commission,5,186
C1022,Bharat Vekariya,DB001,Amit Patel,22,Stopped,May,2026,29-05-2026,30,2,60,62,213.95,3720,3789.13,144.82,UPI,Pending,Commission,5,186
C1023,Ketan Prajapati,DB002,Rahul Parmar,23,Active,January,2026,25-01-2026,29,3,87,60,-144.15,5220,4860.99,214.86,UPI,Pending,Fixed Salary,0,0
C1023,Ketan Prajapati,DB002,Rahul Parmar,23,Active,June,2026,29-06-2026,30,3,90,60,214.86,5400,5477.82,137.04,UPI,Pending,Fixed Salary,0,0
C1023,Ketan Prajapati,DB002,Rahul Parmar,23,Active,March,2026,28-03-2026,29,3,87,60,137.04,5220,5165.26,191.78,Cash,Pending,Fixed Salary,0,0
C1023,Ketan Prajapati,DB002,Rahul Parmar,23,Active,April,2026,28-04-2026,30,3,90,60,191.78,5400,5307.39,284.39,UPI,Partial,Fixed Salary,0,0
C1023,Ketan Prajapati,DB002,Rahul Parmar,23,Active,May,2026,30-05-2026,,3,93,60,284.39,5580,5635.58,228.81,UPI,Pending,Fixed Salary,0,0
C1024,Piyush Trivedi,DB003,Jignesh Solanki,24,Active,April,2026,28-04-2026,29,2,58,62,-142.68,3596,3230.88,222.44,Bank Transfer,Partial,Commission,4,143.84
C1024,Piyush Trivedi,DB003,Jignesh Solanki,24,Active,March,2026,31-03-2026,30,2,60,62,222.44,3720,3878.84,63.6,UPI,Partial,Commission,4,148.8
C1024,Piyush Trivedi,DB003,Jignesh Solanki,24,Active,May,2026,31-05-2026,31,2,62,62,63.6,3844,3849.65,57.95,Bank Transfer,Partial,Commission,4,153.76
C1024,Piyush Trivedi,DB003,Jignesh Solanki,24,Active,January,2026,28-01-2026,29,2,58,62,57.95,3596,3548.01,105.94,,Pending,Commission,4,143.84
C1024,Piyush Trivedi,DB003,Jignesh Solanki,24,Active,June,2026,28-06-2026,29,2,58,62,105.94,3596,3473.97,227.97,Bank Transfer,Partial,Commission,4,143.84
C1025,Ajay Bhatti,DB004,Hardik Chauhan,25,Active,June,2026,28-06-2026,24,1.5,36,60,228.1,2160,2314.61,73.49,Cash,Pending,Fixed Salary,0,0
C1025,Ajay Bhatti,DB004,Hardik Chauhan,25,Active,February,2026,27-02-2026,23,1.5,34.5,60,73.49,2070,2014.94,128.55,Bank Transfer,Partial,Fixed Salary,0,0
C1025,Ajay Bhatti,DB004,Hardik Chauhan,25,Active,April,2026,25-04-2026,23,1.5,34.5,60,128.55,2070,1919.93,278.62,Cash,Partial,Fixed Salary,0,0
C1025,Ajay Bhatti,DB004,Hardik Chauhan,25,Active,January,2026,29-01-2026,29,1.5,43.5,60,278.62,2610,2719.24,169.38,Cash,Partial,Fixed Salary,0,0
C1025,Ajay Bhatti,DB004,Hardik Chauhan,25,Active,May,2026,30-05-2026,29,1.5,43.5,60,,2610,2675.83,103.55,Bank Transfer,Partial,Fixed Salary,0,0
C1026,Milan Thakkar,DB005,Mehul Joshi,26,,February,2026,25-02-2026,,3,78,58,184.51,4524,4437.28,271.23,Bank Transfer,Partial,Commission,5,226.2
C1026,Milan Thakkar,DB005,Mehul Joshi,26,Active,June,2026,26-06-2026,30,3,90,58,271.23,5220,5220.74,270.49,Bank Transfer,Pending,Commission,5,261
C1026,Milan Thakkar,DB005,Mehul Joshi,26,Active,May,2026,30-05-2026,30,3,90,58,270.49,5220,5282.65,207.84,Bank Transfer,Partial,Commission,5,261
C1026,Milan Thakkar,DB005,Mehul Joshi,26,Active,April,2026,27-04-2026,29,3,87,58,207.84,5046,5052.47,201.37,UPI,Partial,Commission,5,252.3
C1026,Milan Thakkar,DB005,Mehul Joshi,26,Active,March,2026,28-03-2026,30,3,90,58,201.37,5220,5351.12,70.25,UPI,Pending,Commission,5,261
C1026,Milan Thakkar,DB005,Mehul Joshi,26,Active,January,2026,30-01-2026,31,3,93,58,70.25,5394,5446.71,17.54,Cash,Partial,Commission,5,269.7
C1027, Hemant Mehta ,DB006,Vishal Rabari,27,Active,February,2026,28-02-2026,27,1,27,64,324.58,1728,1843.81,208.77,Cash,Pending,Fixed Salary,0,0
C1027,Hemant Mehta,DB006,Vishal Rabari,27,Active,March,2026,26-03-2026,30,1,30,64,208.77,1920,2001.03,127.74,Bank Transfer,Partial,Fixed Salary,0,0
C1028,Hitesh Mehta,DB007,Karan Gohil,28,Active,January,2026,30-01-2026,29,0.5,14.5,58,225.42,841,797.15,269.27,UPI,Partial,Commission,6,50.46
C1028,Hitesh Mehta,DB007,Karan Gohil,28,Active,May,2026,31-05-2026,26,0.5,13,58,269.27,754,835.69,187.58,Cash,Partial,Commission,6,45.24
C1028,Hitesh Mehta,DB007,Karan Gohil,28,Active,April,2026,27-04-2026,27,0.5,13.5,58,187.58,783,860.73,109.85,,Partial,Commission,6,46.98
C1028, Hitesh Mehta ,DB007,Karan Gohil,28,,February,2026,27-02-2026,23,0.5,11.5,58,109.85,667,674.26,102.59,Cash,Partial,Commission,6,40.02
C1029,Kalpesh Kansara,DB001,Amit Patel,29,Active,March,2026,31-03-2026,30,2,60,64,391.36,3840,,213.95,UPI,Partial,Commission,5,192
C1029,Kalpesh Kansara,DB001,Amit Patel,29,Active,February,2026,25-02-2026,26,2,52,64,213.95,3328,3422.29,119.66,Bank Transfer,Pending,Commission,5,166.4
C1029,Kalpesh Kansara,DB001,Amit Patel,29,Active,April,2026,26-04-2026,29,2,58,64,119.66,3712,3741.54,90.12,UPI,Partial,Commission,5,185.6
C1029,Kalpesh Kansara,DB001,Amit Patel,29,Active,January,2026,31-01-2026,30,2,60,64,90.12,3840,3747.51,182.61,Bank Transfer,Partial,Commission,5,192
C1029,Kalpesh Kansara,DB001,Amit Patel,29,Active,May,2026,29-05-2026,31,2,62,64,182.61,3968,3877.66,272.95,Bank Transfer,Pending,Commission,5,198.4
C1029,Kalpesh Kansara,DB001,Amit Patel,29,Active,June,2026,26-06-2026,28,2,56,64,272.95,3584,3668.91,188.04,Bank Transfer,Partial,Commission,5,179.2
C1030,Hemant Rathod,DB002,Rahul Parmar,30,Active,January,2026,31-01-2026,28,3,84,64,-94.25,5376,5277.72,4.03,UPI,Paid,Fixed Salary,0,0
C1030,Hemant Rathod,DB002,Rahul Parmar,30,Active,April,2026,26-04-2026,24,3,72,64,4.03,4608,4443.4,168.63,Cash,Pending,Fixed Salary,0,0
C1030,Hemant Rathod,DB002,Rahul Parmar,30,Active,June,2026,29-06-2026,25,3,75,64,168.63,4800,4958.36,10.27,UPI,Pending,Fixed Salary,0,0
C1031,Naresh Chauhan,DB003,Jignesh Solanki,31,Active,April,2026,25-04-2026,30,2,60,58,-128.34,3480,3076.07,275.59,Cash,Partial,Commission,4,139.2
C1031,Naresh Chauhan,DB003,Jignesh Solanki,31,Active,May,2026,28-05-2026,31,2,62,58,275.59,3596,3755.45,116.14,Bank Transfer,Partial,Commission,4,143.84
C1032,Krunal Makwana,DB004,Hardik Chauhan,32,Active,June,2026,25-06-2026,28,0.5,14,65,109.71,910,1016.91,2.8,Bank Transfer,Paid,Fixed Salary,0,0
C1032,Krunal Makwana,DB004,Hardik Chauhan,32,Active,January,2026,28-01-2026,29,0.5,14.5,65,2.8,942.5,879.83,65.47,UPI,Partial,Fixed Salary,0,0
C1032,Krunal Makwana,DB004,Hardik Chauhan,32,Active,April,2026,28-04-2026,28,0.5,14,65,65.47,910,892.84,82.63,Bank Transfer,Partial,Fixed Salary,0,0
C1033,Nilesh Rabari,DB005,Mehul Joshi,33,Active,June,2026,30-06-2026,30,0.5,15,60,260.98,900,993.73,167.25,Cash,Pending,Commission,5,45
C1033,Nilesh Rabari,DB005,Mehul Joshi,33,Active,January,2026,25-01-2026,30,0.5,15,60,167.25,900,793.19,274.06,,Partial,Commission,5,45
C1033,Nilesh Rabari,DB005,Mehul Joshi,33,Active,March,2026,30-03-2026,29,0.5,14.5,60,274.06,870,,4.42,Bank Transfer,Paid,Commission,5,43.5
C1034,Jatin Trivedi,DB006,Vishal Rabari,34,Active,April,2026,28-04-2026,29,2,58,58,251.19,3364,3504.92,110.27,Bank Transfer,Pending,Fixed Salary,0,0
C1034,Jatin Trivedi,DB006,Vishal Rabari,34,Active,May,2026,30-05-2026,31,2,62,58,110.27,3596,3656.33,49.94,UPI,Pending,Fixed Salary,0,0
C1034,Jatin Trivedi,DB006,Vishal Rabari,34,Active,January,2026,28-01-2026,29,2,58,58,49.94,3364,3225.03,188.91,Cash,Pending,Fixed Salary,0,0
C1035,Alpesh Chauhan,DB007,Karan Gohil,35,Active,March,2026,29-03-2026,28,1.5,42,64,161.75,2688,2556.52,293.23,UPI,Pending,Commission,6,161.28
C1035,Alpesh Chauhan,DB007,Karan Gohil,35,Active,January,2026,28-01-2026,26,1.5,39,64,293.23,2496,2496.31,292.92,UPI,Pending,Commission,6,149.76
C1035,Alpesh Chauhan,DB007,Karan Gohil,35,Active,June,2026,27-06-2026,27,1.5,40.5,64,292.92,2592,2772.06,112.86,UPI,Pending,Commission,6,155.52
C1035,Alpesh Chauhan,DB007,Karan Gohil,35,Active,April,2026,27-04-2026,27,1.5,40.5,64,112.86,2592,2704.35,0.51,,Paid,Commission,6,155.52
C1036,Dharmesh Prajapati,DB001,Amit Patel,36,Active,February,2026,27-02-2026,27,0.5,13.5,65,-72.63,877.5,744.74,60.13,Bank Transfer,Partial,Commission,5,43.88
C1036,Dharmesh Prajapati,DB001,Amit Patel,36,Active,March,2026,30-03-2026,31,0.5,15.5,65,60.13,1007.5,1050.36,17.27,Cash,Pending,Commission,5,50.38
C1036,Dharmesh Prajapati,DB001,Amit Patel,36,Active,April,2026,28-04-2026,28,0.5,14,65,,910,649.47,277.8,Bank Transfer,Partial,Commission,5,45.5
C1036,Dharmesh Prajapati,DB001,Amit Patel,36,Active,June,2026,25-06-2026,29,0.5,14.5,65,277.8,942.5,1058.13,162.17,Bank Transfer,Pending,Commission,5,47.12
C1036,Dharmesh Prajapati,DB001,Amit Patel,36,Active,January,2026,31-01-2026,29,0.5,14.5,65,162.17,942.5,985.21,119.46,Bank Transfer,Pending,Commission,5,47.12
C1036,Dharmesh Prajapati,DB001,Amit Patel,36,Active,May,2026,26-05-2026,31,0.5,15.5,65,119.46,1007.5,1030.66,96.3,Bank Transfer,Partial,Commission,5,50.38
C1037,Yash Parmar,DB002,Rahul Parmar,37,Active,May,2026,31-05-2026,23,1,23,58,9.39,1334,1066.6,276.79,Cash,Pending,Fixed Salary,0,0
C1037,Yash Parmar,DB002,Rahul Parmar,37,Active,March,2026,26-03-2026,23,1,23,58,276.79,1334,1499.29,111.5,Cash,Partial,Fixed Salary,0,0
C1037,Yash Parmar,DB002,Rahul Parmar,37,Active,April,2026,29-04-2026,24,1,24,58,111.5,1392,1324.34,179.16,Cash,Pending,Fixed Salary,0,0
C1037,Yash Parmar,DB002,Rahul Parmar,37,Active,June,2026,29-06-2026,26,1,26,58,179.16,1508,1680.99,6.17,UPI,Partial,Fixed Salary,0,0
C1037,Yash Parmar,DB002,Rahul Parmar,37,Active,January,2026,31-01-2026,26,1,26,58,6.17,1508,1338.16,176.01,UPI,Pending,Fixed Salary,0,0
C1037,Yash Parmar,DB002,Rahul Parmar,37,Active,February,2026,27-02-2026,22,1,22,58,176.01,1276,1324.23,127.78,Cash,Partial,Fixed Salary,0,0
C1038,Ajay Chauhan,DB003,Jignesh Solanki,38,Active,January,2026,31-01-2026,16,1,16,62,58.01,992,788.81,261.2,Cash,Pending,Commission,4,39.68
C1038,Ajay Chauhan,DB003,Jignesh Solanki,38,Active,June,2026,25-06-2026,7,1,7,62,261.2,434,436.31,258.89,Bank Transfer,Pending,Commission,4,17.36
C1039,Sanjay Vekariya,DB004,Hardik Chauhan,39,Active,June,2026,26-06-2026,29,1.5,43.5,58,-21.74,2523,2446.46,54.8,UPI,paid,Fixed Salary,0,0
C1039,Sanjay Vekariya,DB004,Hardik Chauhan,39,Active,May,2026,27-05-2026,31,1.5,46.5,58,54.8,2697,2685.28,66.52,UPI,Pending,Fixed Salary,0,0
C1040,Naresh Kansara,DB005,Mehul Joshi,40,Active,June,2026,30-06-2026,28,0.5,14,65,-124.13,910,784.14,1.73,UPI,Paid,Commission,5,45.5
C1040,Naresh Kansara,DB005,Mehul Joshi,40,Active,April,2026,30-04-2026,27,0.5,13.5,65,1.73,877.5,789.59,89.64,Bank Transfer,Pending,Commission,5,43.88
C1040,Naresh Kansara,DB005,Mehul Joshi,40,Active,January,2026,28-01-2026,23,0.5,11.5,65,89.64,747.5,695.92,141.22,Cash,Pending,Commission,5,37.38
C1040,Naresh Kansara,DB005,Mehul Joshi,40,Active,May,2026,28-05-2026,23,0.5,11.5,65,141.22,747.5,776.23,112.49,Cash,Partial,Commission,5,37.38
C1040,Naresh Kansara,DB005,Mehul Joshi,40,Active,March,2026,28-03-2026,24,0.5,12,65,112.49,780,650.22,242.27,Bank Transfer,Partial,Commission,5,39
C1040,Naresh Kansara,DB005,Mehul Joshi,40,Active,February,2026,26-02-2026,25,0.5,12.5,65,242.27,812.5,780.99,273.78,UPI,Partial,Commission,5,40.62
C1041,Milan Solanki,DB006,Vishal Rabari,41,Active,January,2026,28-01-2026,26,1.5,39,65,-73.13,2535,2170.18,291.69,Cash,Partial,Fixed Salary,0,0
C1041,Milan Solanki,DB006,Vishal Rabari,41,Active,April,2026,26-04-2026,22,1.5,33,65,291.69,2145,2248.24,188.45,UPI,Pending,Fixed Salary,0,0
C1041,Milan Solanki,DB006,Vishal Rabari,41,Active,June,2026,29-06-2026,27,1.5,40.5,65,188.45,2632.5,2803.93,17.02,Bank Transfer,Pending,Fixed Salary,0,0
C1041, Milan Solanki ,DB006,Vishal Rabari,41,Active,March,2026,28-03-2026,24,1.5,36,65,17.02,2340,2225.33,131.69,UPI,Pending,Fixed Salary,0,0
C1041,Milan Solanki,DB006,Vishal Rabari,41,Active,May,2026,29-05-2026,26,1.5,39,65,131.69,2535,2592.66,74.03,UPI,Pending,Fixed Salary,0,0
C1042,Kalpesh Vyas,DB007,Karan Gohil,42,Active,April,2026,29-04-2026,30,1,30,62,-89.92,1860,1501.57,268.51,Bank Transfer,Partial,Commission,6,111.6
C1042,Kalpesh Vyas,DB007,Karan Gohil,42,Active,January,2026,31-01-2026,30,1,30,62,268.51,1860,1877.93,250.58,UPI,Pending,Commission,6,111.6
C1042,Kalpesh Vyas,DB007,Karan Gohil,42,Active,February,2026,26-02-2026,26,1,26,62,250.58,1612,1571.37,291.21,,Pending,Commission,6,96.72
C1042,Kalpesh Vyas,DB007,Karan Gohil,42,Active,March,2026,26-03-2026,29,1,29,62,291.21,1798,2059.94,29.27,Cash,Pending,Commission,6,107.88
C1042,Kalpesh Vyas,DB007,Karan Gohil,42,Active,May,2026,30-05-2026,29,1,29,62,29.27,1798,1577.57,249.7,Cash,Partial,Commission,6,107.88
C1043,Rajesh Solanki,DB001,Amit Patel,43,Active,March,2026,31-03-2026,29,1.5,43.5,65,93.65,2827.5,2838.1,83.05,UPI,Partial,Commission,5,141.38
C1043,Rajesh Solanki,DB001,Amit Patel,43,Active,February,2026,26-02-2026,26,1.5,39,65,83.05,2535,2461.55,156.5,UPI,Partial,Commission,5,126.75
C1043,Rajesh Solanki,DB001,Amit Patel,43,Active,June,2026,27-06-2026,30,1.5,45,65,156.5,2925,3057.72,23.78,UPI,Pending,Commission,5,146.25
C1043,Rajesh Solanki,DB001,Amit Patel,43,Active,May,2026,29-05-2026,,1.5,43.5,65,23.78,2827.5,2789.47,61.81,Bank Transfer,Partial,Commission,5,141.38
C1043,Rajesh Solanki,DB001,Amit Patel,43,Active,January,2026,31-01-2026,30,1.5,45,65,61.81,2925,2926.12,60.69,UPI,Pending,Commission,5,146.25
C1043,Rajesh Solanki,DB001,Amit Patel,43,Active,April,2026,27-04-2026,30,1.5,45,65,60.69,2925,2710.82,274.87,Bank Transfer,Pending,Commission,5,146.25
C1044,Bharat Makwana,DB002,Rahul Parmar,44,Active,February,2026,27-02-2026,26,0.5,13,64,350.62,832,1133.57,49.05,Cash,Partial,Fixed Salary,0,0
C1044,Bharat Makwana,DB002,Rahul Parmar,44,Active,March,2026,25-03-2026,31,0.5,15.5,64,49.05,992,761.41,279.64,Bank Transfer,Partial,Fixed Salary,0,0
C1044,Bharat Makwana,DB002,Rahul Parmar,44,Active,June,2026,29-06-2026,29,0.5,14.5,64,279.64,928,993.26,214.38,Cash,Pending,Fixed Salary,0,0
C1044,Bharat Makwana,DB002,Rahul Parmar,44,Active,January,2026,28-01-2026,29,0.5,14.5,64,214.38,928,1054.92,87.46,UPI,Pending,Fixed Salary,0,0
C1044,Bharat Makwana,DB002,Rahul Parmar,44,Active,April,2026,,30,0.5,15,64,87.46,960,1039.77,7.69,Bank Transfer,Partial,Fixed Salary,0,0
C1045,Deepak Thakkar,DB003,Jignesh Solanki,45,Active,March,2026,27-03-2026,23,1,23,58,-57.67,1334,998.44,277.89,Bank Transfer,Partial,Commission,4,53.36
C1045,Deepak Thakkar,DB003,Jignesh Solanki,45,Active,May,2026,29-05-2026,23,1,23,58,277.89,1334,1360.69,251.2,Bank Transfer,Pending,Commission,4,53.36
C1045,Deepak Thakkar,DB003,Jignesh Solanki,45,Active,January,2026,31-01-2026,24,1,24,58,251.2,1392,1432.41,210.79,UPI,Pending,Commission,4,55.68
C1045,Deepak Thakkar,DB003,Jignesh Solanki,45,Active,April,2026,25-04-2026,22,1,22,58,210.79,1276,1271.66,215.13,UPI,Pending,Commission,4,51.04
C1046,Mahesh Bhatti,DB004,Hardik Chauhan,46,Active,April,2026,30-04-2026,26,2.5,65,65,-89.48,4225,3957.98,177.54,UPI,Partial,Fixed Salary,0,0
C1046,Mahesh Bhatti,DB004,Hardik Chauhan,46,Active,February,2026,25-02-2026,24,2.5,60,65,177.54,3900,3938.92,138.62,Cash,Partial,Fixed Salary,0,0
C1047,Sanjay Joshi,DB005,Mehul Joshi,47,Inactive,January,2026,31-01-2026,29,3,87,64,311.85,5568,5628.28,251.57,Bank Transfer,Pending,Commission,5,278.4
C1047,Sanjay Joshi,DB005,Mehul Joshi,47,Inactive,April,2026,29-04-2026,30,3,90,64,251.57,5760,5770.26,241.31,Cash,Pending,Commission,5,288
C1047,Sanjay Joshi,DB005,Mehul Joshi,47,Inactive,June,2026,26-06-2026,28,3,84,64,241.31,5376,5519.85,97.46,UPI,Pending,Commission,5,268.8
C1047,Sanjay Joshi,DB005,Mehul Joshi,47,Inactive,February,2026,25-02-2026,27,3,81,64,97.46,5184,5082.52,198.94,UPI,Pending,Commission,5,259.2
C1047,Sanjay Joshi,DB005,Mehul Joshi,47,Inactive,March,2026,26-03-2026,31,3,93,64,198.94,5952,6094.69,56.25,Cash,Pending,Commission,5,297.6
C1047,Sanjay Joshi,DB005,Mehul Joshi,47,Inactive,May,2026,28-05-2026,,3,93,64,56.25,5952,5807.51,200.74,UPI,Partial,Commission,5,297.6
C1048,Jayesh Prajapati,DB006,Vishal Rabari,48,Inactive,January,2026,30-01-2026,30,3,90,64,389.1,5760,5873.72,275.38,Bank Transfer,Pending,Fixed Salary,0,0
C1048,Jayesh Prajapati,DB006,Vishal Rabari,48,Inactive,May,2026,27-05-2026,31,3,93,64,275.38,5952,5985.48,241.9,UPI,Partial,Fixed Salary,0,0
C1049, Bharat Shah ,DB007,Karan Gohil,49,Active,March,2026,25-03-2026,31,2,62,58,-128.32,3596,3417.59,50.09,UPI,Pending,Commission,6,215.76
C1049,Bharat Shah,DB007,Karan Gohil,49,Active,June,2026,25-06-2026,29,2,58,58,50.09,3364,3237.02,177.07,UPI,Pending,Commission,6,201.84
C1050,Tushar Gohil,DB001,Amit Patel,50,Active,June,2026,30-06-2026,29,2,58,62,0.76,3596,3344.84,251.92,Bank Transfer,Partial,Commission,5,179.8
C1050,Tushar Gohil,DB001,Amit Patel,50,Active,May,2026,28-05-2026,30,2,60,62,251.92,3720,3911.56,60.36,Bank Transfer,Pending,Commission,5,186
C1051,Harshad Desai,DB002,Rahul Parmar,1,Active,February,2026,28-02-2026,26,2.5,65,62,300.35,4030,4273.71,56.64,Bank Transfer,Pending,Fixed Salary,0,0
C1051,Harshad Desai,DB002,Rahul Parmar,1,Active,March,2026,27-03-2026,29,2.5,72.5,62,56.64,4495,4274.38,277.26,UPI,Partial,Fixed Salary,0,0
C1052,Ankit Prajapati,DB003,Jignesh Solanki,2,Active,January,2026,30-01-2026,29,1.5,43.5,64,393.13,2784,2995.35,181.78,upi,Pending,Commission,4,111.36
C1052,Ankit Prajapati,DB003,Jignesh Solanki,2,Active,June,2026,30-06-2026,28,1.5,42,64,181.78,2688,2714.68,155.1,Cash,Pending,Commission,4,107.52
C1052,Ankit Prajapati,DB003,Jignesh Solanki,2,Active,February,2026,28-02-2026,26,1.5,39,64,155.1,2496,2494.82,156.28,,Partial,Commission,4,99.84
C1052,Ankit Prajapati,DB003,Jignesh Solanki,2,Active,March,2026,29-03-2026,30,1.5,45,64,156.28,2880,2835.81,200.47,UPI,Partial,Commission,4,115.2
C1053,Kalpesh Joshi,DB004,Hardik Chauhan,3,Active,March,2026,28-03-2026,30,2.5,75,62,320.94,4650,4741.24,229.7,Bank Transfer,Partial,Fixed Salary,0,0
C1053,Kalpesh Joshi,DB004,Hardik Chauhan,3,Active,February,2026,28-02-2026,27,2.5,67.5,62,229.7,4185,4125.88,288.82,Bank Transfer,Partial,Fixed Salary,0,0
C1053,Kalpesh Joshi,DB004,Hardik Chauhan,3,Active,April,2026,28-04-2026,29,2.5,72.5,62,288.82,4495,4521.99,261.83,Bank Transfer,Partial,Fixed Salary,0,0
C1053,Kalpesh Joshi,DB004,Hardik Chauhan,3,Active,January,2026,27-01-2026,30,2.5,75,62,,4650,4704.04,207.79,Cash,Pending,Fixed Salary,0,0
C1053,Kalpesh Joshi,DB004,Hardik Chauhan,3,Active,June,2026,30-06-2026,29,2.5,72.5,62,207.79,4495,4585.58,117.21,Bank Transfer,Pending,Fixed Salary,0,0
C1054,Krunal Desai,DB005,Mehul Joshi,4,Active,February,2026,,26,2,52,64,-48.68,3328,3252.94,26.38,Cash,Pending,Commission,5,166.4
C1054,Krunal Desai,DB005,Mehul Joshi,4,Active,April,2026,25-04-2026,29,2,58,64,26.38,3712,3677.09,61.29,Cash,Partial,Commission,5,185.6
C1054,Krunal Desai,DB005,Mehul Joshi,4,Active,May,2026,29-05-2026,29,2,58,64,61.29,3712,3696.33,76.96,Cash,Pending,Commission,5,185.6
C1054,Krunal Desai,DB005,Mehul Joshi,4,Active,March,2026,28-03-2026,30,2,60,64,76.96,3840,3755.41,161.55,Cash,Pending,Commission,5,192
C1055,Nikunj Gohil,DB006,Vishal Rabari,5,Active,June,2026,29-06-2026,26,2.5,65,58,99.19,3770,3800.41,68.78,Cash,Pending,Fixed Salary,0,0
C1055,Nikunj Gohil,DB006,Vishal Rabari,5,Active,January,2026,26-01-2026,26,2.5,65,58,68.78,3770,3644.22,194.56,Bank Transfer,Partial,Fixed Salary,0,0
C1056,Darshan Soni,DB007,Karan Gohil,6,Inactive,March,2026,25-03-2026,30,2,60,64,193.53,3840,3740,293.53,Cash,Partial,Commission,6,230.4
C1056,Darshan Soni,DB007,Karan Gohil,6,Inactive,May,2026,31-05-2026,31,2,62,64,293.53,3968,3993.18,268.35,Bank Transfer,Pending,Commission,6,238.08
C1056,Darshan Soni,DB007,Karan Gohil,6,Inactive,January,2026,29-01-2026,31,2,62,64,268.35,3968,3969.91,266.44,Cash,Partial,Commission,6,238.08
C1056,Darshan Soni,DB007,Karan Gohil,6,Inactive,April,2026,28-04-2026,29,2,58,64,266.44,3712,3733.59,244.85,upi,Partial,Commission,6,222.72
C1056,Darshan Soni,DB007,Karan Gohil,6,Inactive,February,2026,27-02-2026,26,2,52,64,244.85,3328,3554.8,18.05,Bank Transfer,Partial,Commission,6,199.68
C1056,Darshan Soni,DB007,Karan Gohil,6,Inactive,June,2026,30-06-2026,30,2,60,64,18.05,3840,3559.93,298.12,Bank Transfer,Partial,Commission,6,230.4
C1057,Nikunj Trivedi,DB001,Amit Patel,7,Active,April,2026,30-04-2026,22,1.5,33,58,154.11,1914,2009.11,59,Cash,Pending,Commission,5,95.7
C1057,Nikunj Trivedi,DB001,Amit Patel,7,Active,January,2026,28-01-2026,27,1.5,40.5,58,59,2349,2253.7,154.3,UPI,Partial,Commission,5,117.45
C1057,Nikunj Trivedi,DB001,Amit Patel,7,Active,May,2026,25-05-2026,27,1.5,40.5,58,154.3,2349,2466.85,36.45,UPI,Partial,Commission,5,117.45
C1057,Nikunj Trivedi,DB001,Amit Patel,7,Active,March,2026,31-03-2026,23,1.5,34.5,58,36.45,2001,2014.61,22.84,Bank Transfer,Pending,Commission,5,100.05
C1058,Sanjay Desai,DB002,Rahul Parmar,8,Active,March,2026,27-03-2026,23,0.5,11.5,64,226.51,736,882.53,79.98,UPI,Partial,Fixed Salary,0,0
C1058,Sanjay Desai,DB002,Rahul Parmar,8,Active,February,2026,25-02-2026,21,0.5,10.5,64,79.98,672,617.03,134.95,Cash,Partial,Fixed Salary,0,0
C1058,Sanjay Desai,DB002,Rahul Parmar,8,Active,May,2026,28-05-2026,24,0.5,12,64,134.95,768,635.79,267.16,Bank Transfer,Partial,Fixed Salary,0,0
C1058,Sanjay Desai,DB002,Rahul Parmar,8,Active,April,2026,25-04-2026,22,0.5,11,64,,704,785.11,186.05,UPI,Partial,Fixed Salary,0,0
C1058,Sanjay Desai,DB002,Rahul Parmar,8,Active,June,2026,25-06-2026,23,0.5,11.5,64,186.05,736,642.8,279.25,UPI,Pending,Fixed Salary,0,0
C1058,Sanjay Desai,DB002,Rahul Parmar,8,Active,January,2026,29-01-2026,29,0.5,14.5,64,279.25,928,962.48,244.77,Cash,Pending,Fixed Salary,0,0
C1059,Dilip Gohil,DB003,Jignesh Solanki,9,Active,February,2026,28-02-2026,26,0.5,13,64,64.39,832,870.15,26.24,UPI,Pending,Commission,4,33.28
C1059,Dilip Gohil,DB003,Jignesh Solanki,9,Active,April,2026,28-04-2026,28,0.5,14,64,26.24,896,919.95,2.29,Cash,Paid,Commission,4,35.84
C1059,Dilip Gohil,DB003,Jignesh Solanki,9,Active,March,2026,27-03-2026,31,0.5,15.5,64,2.29,992,885.41,108.88,Cash,Pending,Commission,4,39.68
C1059,Dilip Gohil,DB003,Jignesh Solanki,9,Active,June,2026,27-06-2026,29,0.5,14.5,64,108.88,928,841.5,195.38,UPI,Pending,Commission,4,37.12
C1059,Dilip Gohil,DB003,Jignesh Solanki,9,Active,May,2026,27-05-2026,31,0.5,15.5,64,195.38,992,1113.9,73.48,UPI,Pending,Commission,4,39.68
C1059,Dilip Gohil,DB003,Jignesh Solanki,9,Active,January,2026,30-01-2026,30,0.5,15,64,73.48,960,962.33,71.15,UPI,Pending,Commission,4,38.4
C1060,Dharmesh Mehta,DB004,Hardik Chauhan,10,Active,May,2026,27-05-2026,29,1,29,60,-99.05,1740,1402.47,238.48,UPI,Partial,Fixed Salary,0,0
C1060,Dharmesh Mehta,DB004,Hardik Chauhan,10,Active,February,2026,26-02-2026,22,1,22,60,238.48,1320,1493.54,64.94,Cash,Pending,Fixed Salary,0,0
C1060,Dharmesh Mehta,DB004,Hardik Chauhan,10,Active,April,2026,26-04-2026,24,1,24,60,64.94,1440,1219.66,285.28,Bank Transfer,Partial,Fixed Salary,0,0
C1060,Dharmesh Mehta,DB004,Hardik Chauhan,10,Active,June,2026,29-06-2026,28,1,28,60,285.28,1680,1829.47,135.81,UPI,Pending,Fixed Salary,0,0
C1061,Dilip Patel,DB005,Mehul Joshi,11,Active,February,2026,26-02-2026,28,1.5,42,65,72.28,2730,2570.76,231.52,Cash,Partial,Commission,5,136.5
C1061,Dilip Patel,DB005,Mehul Joshi,11,Active,June,2026,25-06-2026,29,1.5,43.5,65,231.52,2827.5,3054.52,4.5,Bank Transfer,Paid,Commission,5,141.38
C1061,Dilip Patel,DB005,Mehul Joshi,11,Active,January,2026,26-01-2026,31,1.5,46.5,65,4.5,3022.5,2973.89,53.11,UPI,Pending,Commission,5,151.12
C1061,Dilip Patel,DB005,Mehul Joshi,11,Active,March,2026,31-03-2026,31,1.5,46.5,65,53.11,3022.5,2808.21,267.4,UPI,Pending,Commission,5,151.12
C1061,Dilip Patel,DB005,Mehul Joshi,11,Active,April,2026,30-04-2026,30,1.5,45,65,267.4,2925,2964.86,227.54,UPI,Partial,Commission,5,146.25
C1061,Dilip Patel,DB005,Mehul Joshi,11,Active,May,2026,31-05-2026,30,1.5,45,65,227.54,2925,3126.16,26.38,Cash,Partial,Commission,5,146.25
C1062,Hitesh Vyas,DB006,Vishal Rabari,12,Active,March,2026,28-03-2026,30,1.5,45,62,349.91,2790,2936.02,203.89,Bank Transfer,Pending,Fixed Salary,0,0
C1062,Hitesh Vyas,DB006,Vishal Rabari,12,Active,February,2026,26-02-2026,26,1.5,39,62,203.89,2418,2424.17,197.72,Bank Transfer,Pending,Fixed Salary,0,0
C1062,Hitesh Vyas,DB006,Vishal Rabari,12,Active,January,2026,26-01-2026,30,1.5,45,62,197.72,2790,2882.09,105.63,Bank Transfer,Partial,Fixed Salary,0,0
C1063,Tushar Patel,DB007,Karan Gohil,13,Active,April,2026,26-04-2026,26,2.5,65,62,241.92,4030,4223.32,48.6,UPI,Pending,Commission,6,241.8
C1063,Tushar Patel,DB007,Karan Gohil,13,Active,January,2026,30-01-2026,26,2.5,65,62,48.6,4030,3857.1,221.5,Bank Transfer,Pending,Commission,6,241.8
C1064,Dharmesh Trivedi,DB001,Amit Patel,14,Active,March,2026,26-03-2026,23,2.5,57.5,60,163.59,3450,3351.06,262.53,Bank Transfer,Partial,Commission,5,172.5
C1064,Dharmesh Trivedi,DB001,Amit Patel,14,Active,April,2026,27-04-2026,27,2.5,67.5,60,262.53,4050,4279.17,33.36,Cash,Partial,Commission,5,202.5
C1064,Dharmesh Trivedi,DB001,Amit Patel,14,Active,June,2026,30-06-2026,27,2.5,67.5,60,33.36,4050,3809.27,274.09,,Pending,Commission,5,202.5
C1064,Dharmesh Trivedi,DB001,Amit Patel,14,Active,January,2026,27-01-2026,27,2.5,67.5,60,274.09,4050,4075.47,248.62,Cash,Partial,Commission,5,202.5
C1064,Dharmesh Trivedi,DB001,Amit Patel,14,Active,May,2026,29-05-2026,26,2.5,65,60,248.62,3900,4015.85,132.77,Cash,Pending,Commission,5,195
C1064,Dharmesh Trivedi,DB001,Amit Patel,14,Active,February,2026,26-02-2026,20,2.5,50,60,132.77,3000,2929.79,202.98,UPI,Pending,Commission,5,150
C1065,Piyush Thakkar,DB002,Rahul Parmar,15,Active,March,2026,27-03-2026,12,0.5,6,60,303.85,360,374.77,289.08,UPI,Pending,Fixed Salary,0,0
C1065,Piyush Thakkar,DB002,Rahul Parmar,15,Active,February,2026,26-02-2026,11,0.5,5.5,60,289.08,330,591.32,27.76,Bank Transfer,Pending,Fixed Salary,0,0
C1065,Piyush Thakkar,DB002,Rahul Parmar,15,Active,May,2026,26-05-2026,9,0.5,4.5,60,27.76,270,91.89,205.87,Cash,Pending,Fixed Salary,0,0
C1065,Piyush Thakkar,DB002,Rahul Parmar,15,Active,June,2026,28-06-2026,12,0.5,6,60,205.87,360,564.11,1.76,Bank Transfer,Paid,Fixed Salary,0,0
C1065,Piyush Thakkar,DB002,Rahul Parmar,15,Active,January,2026,26-01-2026,9,0.5,4.5,60,1.76,270,0,271.76,Cash,Pending,Fixed Salary,0,0
C1065,Piyush Thakkar,DB002,Rahul Parmar,15,Active,April,2026,30-04-2026,9,0.5,4.5,60,271.76,270,365.49,176.27,UPI,Pending,Fixed Salary,0,0
C1066,Jatin Vekariya,DB003,Jignesh Solanki,16,Active,May,2026,25-05-2026,29,2,58,65,-56.93,3770,3651.17,61.9,Bank Transfer,Pending,Commission,4,150.8
C1066,Jatin Vekariya,DB003,Jignesh Solanki,16,Active,April,2026,27-04-2026,24,2,48,65,61.9,3120,3035.92,145.98,UPI,Partial,Commission,4,124.8
C1066,Jatin Vekariya,DB003,Jignesh Solanki,16,Active,June,2026,28-06-2026,24,2,48,65,145.98,3120,3206.85,59.13,Bank Transfer,Pending,Commission,4,124.8
C1067,Bharat Bhatti,DB004,Hardik Chauhan,17,Inactive,February,2026,27-02-2026,26,1.5,39,60,163.05,2340,2362.5,140.55,Cash,Partial,Fixed Salary,0,0
C1067,Bharat Bhatti,DB004,Hardik Chauhan,17,Inactive,May,2026,28-05-2026,31,1.5,46.5,60,140.55,2790,2761.45,169.1,UPI,Pending,Fixed Salary,0,0
C1067,Bharat Bhatti,DB004,Hardik Chauhan,17,Inactive,January,2026,25-01-2026,30,1.5,45,60,169.1,2700,,56.94,Bank Transfer,Pending,Fixed Salary,0,0
C1067,Bharat Bhatti,DB004,Hardik Chauhan,17,Inactive,April,2026,30-04-2026,29,1.5,43.5,60,56.94,2610,2391.07,275.87,Bank Transfer,Pending,Fixed Salary,0,0
C1068,Ankit Desai,DB005,Mehul Joshi,18,Active,January,2026,25-01-2026,29,3,87,62,-73.74,5394,5231.37,88.89,UPI,Partial,Commission,5,269.7
C1068,Ankit Desai,DB005,Mehul Joshi,18,Active,April,2026,28-04-2026,30,3,90,62,88.89,5580,5419.77,249.12,Bank Transfer,Pending,Commission,5,279
C1069,Paresh Prajapati,DB006,Vishal Rabari,19,Active,March,2026,25-03-2026,29,1.5,43.5,62,-75.01,2697,2451.93,170.06,Bank Transfer,Pending,Fixed Salary,0,0
C1069,Paresh Prajapati,DB006,Vishal Rabari,19,Active,February,2026,27-02-2026,26,1.5,39,62,170.06,2418,2439.75,148.31,Cash,Partial,Fixed Salary,0,0
C1069,Paresh Prajapati,DB006,Vishal Rabari,19,Active,January,2026,30-01-2026,31,1.5,46.5,62,148.31,2883,2856.98,174.33,UPI,Partial,Fixed Salary,0,0
C1069,Paresh Prajapati,DB006,Vishal Rabari,19,Active,April,2026,25-04-2026,28,1.5,42,62,174.33,2604,2729.24,49.09,Cash,Pending,Fixed Salary,0,0
C1070,Bhavesh Solanki,DB007,Karan Gohil,20,Stopped,January,2026,30-01-2026,31,2,62,64,247.62,3968,4087.99,127.63,Cash,Partial,Commission,6,238.08
C1070,Bhavesh Solanki,DB007,Karan Gohil,20,Stopped,May,2026,25-05-2026,29,2,58,64,127.63,3712,3685.24,154.39,Cash,Pending,Commission,6,222.72
C1071,Ketan Bhatti,DB001,Amit Patel,21,Active,May,2026,29-05-2026,31,3,93,60,12.66,5580,5495.55,97.11,Cash,Pending,Commission,5,279
C1071,Ketan Bhatti,DB001,Amit Patel,21,Active,March,2026,31-03-2026,31,3,93,60,97.11,5580,5417.48,259.63,Cash,Partial,Commission,5,279
C1071,Ketan Bhatti,DB001,Amit Patel,21,Active,February,2026,28-02-2026,26,3,78,60,259.63,4680,4722.8,216.83,Cash,Pending,Commission,5,234
C1071,Ketan Bhatti,DB001,Amit Patel,21,,April,2026,27-04-2026,29,3,87,60,216.83,5220,5292.61,144.22,Bank Transfer,Partial,Commission,5,261
C1071,Ketan Bhatti,DB001,Amit Patel,21,Active,January,2026,31-01-2026,30,3,90,60,,5400,,159.12,Bank Transfer,Partial,Commission,5,270
C1072,Alpesh Rabari,DB002,Rahul Parmar,22,Active,May,2026,27-05-2026,31,3,93,64,213.27,5952,6093.2,72.07,Cash,Pending,Fixed Salary,0,0
C1072,Alpesh Rabari,DB002,Rahul Parmar,22,Active,June,2026,26-06-2026,28,3,84,64,72.07,5376,5379.9,68.17,UPI,Partial,Fixed Salary,0,0
C1072,Alpesh Rabari,DB002,Rahul Parmar,22,Active,April,2026,30-04-2026,29,3,87,64,68.17,5568,5441.27,194.9,UPI,Pending,Fixed Salary,0,0
C1072,Alpesh Rabari,DB002,Rahul Parmar,22,Active,February,2026,25-02-2026,27,3,81,64,194.9,5184,5310.8,68.1,Cash,Partial,Fixed Salary,0,0
C1073,Vijay Vekariya,DB003,Jignesh Solanki,23,Active,April,2026,30-04-2026,30,2.5,75,65,74.41,4875,4784.24,165.17,Bank Transfer,Partial,Commission,4,195
C1073,Vijay Vekariya,DB003,Jignesh Solanki,23,Active,February,2026,26-02-2026,28,2.5,70,65,165.17,4550,4560.62,154.55,Cash,Pending,Commission,4,182
C1074,Bharat Rabari,DB004,Hardik Chauhan,24,Inactive,May,2026,28-05-2026,29,2.5,72.5,60,,4350,4139.51,111.7,UPI,Partial,Fixed Salary,0,0
C1074,Bharat Rabari,DB004,Hardik Chauhan,24,Inactive,January,2026,25-01-2026,30,2.5,75,60,111.7,4500,4575.54,36.16,UPI,Pending,Fixed Salary,0,0
C1074,Bharat Rabari,DB004,Hardik Chauhan,24,Inactive,April,2026,30-04-2026,30,2.5,75,60,36.16,4500,4239.57,296.59,UPI,Partial,Fixed Salary,0,0
C1074,Bharat Rabari,DB004,Hardik Chauhan,24,Inactive,June,2026,30-06-2026,29,2.5,72.5,60,296.59,4350,4596.19,50.4,Bank Transfer,Pending,Fixed Salary,0,0
C1075,Ramesh Kansara,DB005,Mehul Joshi,25,Active,March,2026,25-03-2026,30,0.5,15,62,132.25,930,897.6,164.65,Bank Transfer,Partial,Commission,5,46.5
C1075,Ramesh Kansara,DB005,Mehul Joshi,25,Active,April,2026,30-04-2026,30,0.5,15,62,164.65,930,1021.92,72.73,Cash,Partial,Commission,5,46.5
C1075,Ramesh Kansara,DB005,Mehul Joshi,25,Active,January,2026,25-01-2026,30,0.5,15,62,72.73,930,,6.38,Bank Transfer,Pending,Commission,5,46.5
C1075,Ramesh Kansara,DB005,Mehul Joshi,25,Active,June,2026,26-06-2026,28,0.5,14,62,6.38,868,727.97,146.41,UPI,Pending,Commission,5,43.4
C1075,Ramesh Kansara,DB005,Mehul Joshi,25,Active,February,2026,26-02-2026,26,0.5,13,62,146.41,806,786.14,166.27,Upi,Pending,Commission,5,40.3
C1075,Ramesh Kansara,DB005,Mehul Joshi,25,Active,May,2026,28-05-2026,31,0.5,15.5,62,166.27,961,864.65,262.62,Bank Transfer,Pending,Commission,5,48.05
C1076,Dharmesh Soni,DB006,Vishal Rabari,26,Active,January,2026,31-01-2026,29,1,29,62,116.18,1798,1728.05,186.13,Bank Transfer,PAID,Fixed Salary,0,0
C1076,Dharmesh Soni,DB006,Vishal Rabari,26,Active,June,2026,28-06-2026,29,1,29,62,186.13,1798,1693.87,290.26,Bank Transfer,Pending,Fixed Salary,0,0
C1077,Mahesh Solanki,DB007,Karan Gohil,27,Active,March,2026,27-03-2026,29,2.5,72.5,65,31.1,4712.5,4692.68,50.92,Cash,Pending,Commission,6,282.75
C1077,Mahesh Solanki,DB007,Karan Gohil,27,Active,February,2026,25-02-2026,28,2.5,70,65,50.92,4550,4460.4,140.52,Cash,Pending,Commission,6,273
C1077,Mahesh Solanki,DB007,Karan Gohil,27,Active,January,2026,25-01-2026,30,2.5,75,65,140.52,4875,4841.77,173.75,UPI,Partial,Commission,6,292.5
C1078,Ketan Vekariya,DB001,Amit Patel,28,Active,March,2026,29-03-2026,23,0.5,11.5,65,249.83,747.5,847.33,150,Cash,Pending,Commission,5,37.38
C1078,Ketan Vekariya,DB001,Amit Patel,28,Active,April,2026,29-04-2026,,0.5,13,65,150,845,836.56,158.44,UPI,Partial,Commission,5,42.25
C1078,Ketan Vekariya,DB001,Amit Patel,28,Active,June,2026,30-06-2026,28,0.5,14,65,158.44,910,1039.86,28.58,UPI,Pending,Commission,5,45.5
C1079,Deepak Gohil,DB002,Rahul Parmar,29,Active,February,2026,27-02-2026,26,1.5,39,58,286.17,2262,2445.72,102.45,Cash,Partial,Fixed Salary,0,0
C1079,Deepak Gohil,DB002,Rahul Parmar,29,Active,January,2026,25-01-2026,29,1.5,43.5,58,,2523,2460.23,165.22,Cash,Pending,Fixed Salary,0,0
C1079,Deepak Gohil,DB002,Rahul Parmar,29,Active,March,2026,29-03-2026,28,1.5,42,58,165.22,2436,2500.06,101.16,Cash,Pending,Fixed Salary,0,0
C1080,Chirag Thakkar,DB003,Jignesh Solanki,30,Active,January,2026,29-01-2026,19,1,19,60,-67.05,1140,954.13,118.82,Cash,Partial,Commission,4,45.6
C1080,Chirag Thakkar,DB003,Jignesh Solanki,30,Active,April,2026,27-04-2026,7,1,7,60,118.82,420,495.68,43.14,Bank Transfer,Pending,Commission,4,16.8
C1080,Chirag Thakkar,DB003,Jignesh Solanki,30,Active,May,2026,29-05-2026,15,1,15,60,43.14,900,921.09,22.05,UPI,Partial,Commission,4,36
C1081,Manish Prajapati,DB004,Hardik Chauhan,31,Active,June,2026,26-06-2026,13,1.5,19.5,65,46.34,1267.5,1044.52,269.32,Bank Transfer,Partial,Fixed Salary,0,0
C1081,Manish Prajapati,DB004,Hardik Chauhan,31,Active,January,2026,25-01-2026,,1.5,19.5,65,269.32,1267.5,1465.75,71.07,UPI,Partial,Fixed Salary,0,0
C1081,Manish Prajapati,DB004,Hardik Chauhan,31,Active,April,2026,29-04-2026,17,1.5,25.5,65,71.07,1657.5,1594.19,134.38,Bank Transfer,Pending,Fixed Salary,0,0
C1081,Manish Prajapati,DB004,Hardik Chauhan,31,Active,February,2026,26-02-2026,15,1.5,22.5,65,134.38,1462.5,1567.01,29.87,UPI,Partial,Fixed Salary,0,0
C1081,Manish Prajapati,DB004,Hardik Chauhan,31,Active,May,2026,30-05-2026,6,1.5,9,65,29.87,585,591.08,23.79,Bank Transfer,Pending,Fixed Salary,0,0
C1082,Jayesh Rabari,DB005,Mehul Joshi,32,Active,January,2026,29-01-2026,31,1.5,46.5,60,331.49,2790,3113.36,8.13,Cash,Pending,Commission,5,139.5
C1082,Jayesh Rabari,DB005,Mehul Joshi,32,Active,February,2026,28-02-2026,28,1.5,42,60,8.13,2520,2288.02,240.11,UPI,Partial,Commission,5,126
C1082,Jayesh Rabari,DB005,Mehul Joshi,32,Active,March,2026,31-03-2026,29,1.5,43.5,60,240.11,2610,2823.95,26.16,Bank Transfer,Pending,Commission,5,130.5
C1082,Jayesh Rabari,DB005,Mehul Joshi,32,Active,May,2026,28-05-2026,30,1.5,45,60,26.16,2700,,296.35,Cash,Pending,Commission,5,135
C1083,Naresh Bhatti,DB006,Vishal Rabari,33,Active,April,2026,25-04-2026,30,1.5,45,58,393.14,2610,2785.9,217.24,Cash,Partial,Fixed Salary,0,0
C1083,Naresh Bhatti,DB006,Vishal Rabari,33,Active,May,2026,27-05-2026,29,1.5,43.5,58,217.24,2523,2693.38,46.86,UPI,Partial,Fixed Salary,0,0
C1084,Rajesh Prajapati,DB007,Karan Gohil,34,Active,February,2026,27-02-2026,26,1.5,39,64,173.67,2496,2436.87,232.8,Cash,PAID,Commission,6,149.76
C1084,Rajesh Prajapati,DB007,Karan Gohil,34,Active,May,2026,27-05-2026,30,1.5,45,64,232.8,2880,2955.8,157,Cash,Partial,Commission,6,172.8
C1084,Rajesh Prajapati,DB007,Karan Gohil,34,Active,March,2026,26-03-2026,29,1.5,43.5,64,157,2784,2773.56,167.44,UPI,Pending,Commission,6,167.04
C1084,Rajesh Prajapati,DB007,Karan Gohil,34,Active,January,2026,29-01-2026,31,1.5,46.5,64,167.44,2976,3074.99,68.45,UPI,Partial,Commission,6,178.56
C1084,Rajesh Prajapati,DB007,Karan Gohil,34,Active,June,2026,29-06-2026,28,1.5,42,64,68.45,2688,2719.78,36.67,Bank Transfer,Partial,Commission,6,161.28
C1084,Rajesh Prajapati,DB007,Karan Gohil,34,Active,April,2026,30-04-2026,28,1.5,42,64,36.67,2688,2646.94,77.73,Bank Transfer,Pending,Commission,6,161.28
C1085,Hemant Solanki,DB001,Amit Patel,35,Active,January,2026,26-01-2026,28,3,84,60,278.5,5040,5044.79,273.71,,Pending,Commission,5,252
C1085,Hemant Solanki,DB001,Amit Patel,35,Active,March,2026,30-03-2026,25,3,75,60,273.71,4500,4536.76,236.95,UPI,Partial,Commission,5,225
C1085,Hemant Solanki,DB001,Amit Patel,35,Active,February,2026,28-02-2026,25,3,75,60,236.95,4500,4732.32,4.63,Bank Transfer,Paid,Commission,5,225
C1085,Hemant Solanki,DB001,Amit Patel,35,Active,April,2026,29-04-2026,27,3,81,60,4.63,4860,4605.41,259.22,UPI,Partial,Commission,5,243
C1085,Hemant Solanki,DB001,Amit Patel,35,Active,May,2026,25-05-2026,26,3,78,60,259.22,4680,4816.24,122.98,Cash,Partial,Commission,5,234
C1085,Hemant Solanki,DB001,Amit Patel,35,Active,June,2026,26-06-2026,24,3,72,60,122.98,4320,4436.75,6.23,Bank Transfer,Pending,Commission,5,216
C1086,Dharmesh Rabari,DB002,Rahul Parmar,36,Active,April,2026,27-04-2026,28,1.5,42,60,203.49,2520,2443.32,280.17,Cash,Partial,Fixed Salary,0,0
C1086,Dharmesh Rabari,DB002,Rahul Parmar,36,Active,February,2026,26-02-2026,22,1.5,33,60,280.17,1980,2233.64,26.53,UPI,Pending,Fixed Salary,0,0
C1086,Dharmesh Rabari,DB002,Rahul Parmar,36,Active,May,2026,26-05-2026,24,1.5,36,60,26.53,2160,2090.6,95.93,Bank Transfer,Pending,Fixed Salary,0,0
C1086,Dharmesh Rabari,DB002,Rahul Parmar,36,Active,June,2026,25-06-2026,26,1.5,39,60,95.93,2340,2420.29,15.64,UPI,Pending,Fixed Salary,0,0
C1087,Vijay Vyas,DB003,Jignesh Solanki,37,Active,June,2026,29-06-2026,28,1,28,64,-73.11,1792,1678.87,40.02,Cash,Partial,Commission,4,71.68
C1087,Vijay Vyas,DB003,Jignesh Solanki,37,Active,January,2026,30-01-2026,31,1,31,64,40.02,1984,1918.52,105.5,UPI,Pending,Commission,4,79.36
C1087,Vijay Vyas,DB003,Jignesh Solanki,37,Active,May,2026,27-05-2026,30,1,30,64,105.5,1920,1998.43,27.07,Cash,Pending,Commission,4,76.8
C1087,Vijay Vyas,DB003,Jignesh Solanki,37,Active,April,2026,25-04-2026,28,1,28,64,27.07,1792,1643.49,175.58,UPI,Partial,Commission,4,71.68
C1088,Rajesh Joshi,DB004,Hardik Chauhan,38,Active,January,2026,26-01-2026,29,1,29,65,234.13,1885,1855.56,263.57,UPI,Pending,Fixed Salary,0,0
C1088,Rajesh Joshi,DB004,Hardik Chauhan,38,Active,March,2026,30-03-2026,31,1,31,65,263.57,2015,2150.03,128.54,UPI,Partial,Fixed Salary,0,0
C1089,Mitesh Patel,DB005,Mehul Joshi,39,Active,January,2026,27-01-2026,13,2.5,32.5,65,141.46,2112.5,2042.89,211.07,UPI,Paid,Commission,5,105.62
C1089,Mitesh Patel,DB005,Mehul Joshi,39,Active,March,2026,28-03-2026,7,2.5,17.5,65,211.07,1137.5,1058.67,289.9,UPI,Partial,Commission,5,56.88
C1089,Mitesh Patel,DB005,Mehul Joshi,39,Active,February,2026,25-02-2026,17,2.5,42.5,65,289.9,2762.5,2885.41,166.99,Cash,Pending,Commission,5,138.12
C1089,Mitesh Patel,DB005,Mehul Joshi,39,Active,June,2026,29-06-2026,15,2.5,37.5,65,166.99,2437.5,2398.05,206.44,Bank Transfer,Pending,Commission,5,121.88
C1089,Mitesh Patel,DB005,Mehul Joshi,39,Active,May,2026,31-05-2026,14,2.5,35,65,206.44,2275,2316.8,164.64,Bank Transfer,Pending,Commission,5,113.75
C1090,Ketan Rathod,DB006,Vishal Rabari,40,Active,February,2026,27-02-2026,28,2,56,62,147,3472,3617.42,1.58,Bank Transfer,Paid,Fixed Salary,0,0
C1090,Ketan Rathod,DB006,Vishal Rabari,40,Active,April,2026,26-04-2026,30,2,60,62,,3720,3538.31,183.27,Cash,Partial,Fixed Salary,0,0
C1090,Ketan Rathod,DB006,Vishal Rabari,40,Active,May,2026,30-05-2026,31,2,62,62,183.27,3844,3992.42,34.85,Bank Transfer,Partial,Fixed Salary,0,0
C1090,Ketan Rathod,DB006,Vishal Rabari,40,Active,June,2026,30-06-2026,28,2,56,62,34.85,3472,3385.1,121.75,Bank Transfer,Pending,Fixed Salary,0,0
C1090,Ketan Rathod,DB006,Vishal Rabari,40,Active,January,2026,28-01-2026,31,2,62,62,121.75,3844,3833.02,132.73,Bank Transfer,Pending,Fixed Salary,0,0
C1091,Manish Gohil,DB007,Karan Gohil,41,Stopped,March,2026,29-03-2026,28,2,56,58,319.41,3248,3548.17,19.24,Bank Transfer,Pending,Commission,6,194.88
C1091,Manish Gohil,DB007,Karan Gohil,41,Stopped,May,2026,30-05-2026,28,2,56,58,19.24,3248,3064.08,203.16,Cash,Partial,Commission,6,194.88
C1091,Manish Gohil,DB007,Karan Gohil,41,Stopped,April,2026,27-04-2026,28,2,56,58,203.16,3248,3288.24,162.92,UPI,Pending,Commission,6,194.88
C1091,Manish Gohil,DB007,Karan Gohil,41,Stopped,January,2026,29-01-2026,29,2,58,58,162.92,3364,3384.94,141.98,Bank Transfer,Pending,Commission,6,201.84
C1091,Manish Gohil,DB007,Karan Gohil,41,Stopped,February,2026,25-02-2026,24,2,48,58,141.98,2784,2782.99,142.99,UPI,Partial,Commission,6,167.04
C1091, Manish Gohil ,DB007,Karan Gohil,41,Stopped,June,2026,29-06-2026,28,2,56,58,142.99,3248,3232.37,158.62,Bank Transfer,Partial,Commission,6,194.88
C1092,Piyush Patel,DB001,Amit Patel,42,Active,February,2026,28-02-2026,26,1,26,62,-66.15,1612,1286.77,259.08,Cash,Partial,Commission,5,80.6
C1092,Piyush Patel,DB001,Amit Patel,42,Active,January,2026,27-01-2026,24,1,24,62,259.08,1488,1536.29,210.79,Cash,Partial,Commission,5,74.4
C1092,Piyush Patel,DB001,Amit Patel,42,Active,March,2026,28-03-2026,25,1,25,62,210.79,1550,,198.9,Bank Transfer,Pending,Commission,5,77.5
C1092,Piyush Patel,DB001,Amit Patel,42,Active,June,2026,28-06-2026,27,1,27,62,198.9,1674,1846.5,26.4,Cash,Pending,Commission,5,83.7
C1092,Piyush Patel,DB001,Amit Patel,42,Active,April,2026,30-04-2026,27,1,27,62,,1674,1666.86,33.54,Bank Transfer,Pending,Commission,5,83.7
C1093,Mitesh Makwana,DB002,Rahul Parmar,43,Active,May,2026,25-05-2026,30,1,30,65,-78.21,1950,1795.93,75.86,Bank Transfer,Partial,Fixed Salary,0,0
C1093,Mitesh Makwana,DB002,Rahul Parmar,43,Active,February,2026,27-02-2026,28,1,28,65,75.86,1820,1817.96,77.9,Bank Transfer,Partial,Fixed Salary,0,0
C1093,Mitesh Makwana,DB002,Rahul Parmar,43,Active,March,2026,26-03-2026,31,1,31,65,77.9,2015,1929.5,163.4,Cash,Pending,Fixed Salary,0,0
C1093,Mitesh Makwana,DB002,Rahul Parmar,43,Active,April,2026,25-04-2026,29,1,29,65,163.4,1885,1798.16,250.24,UPI,Pending,Fixed Salary,0,0
C1093,Mitesh Makwana,DB002,Rahul Parmar,43,Active,June,2026,25-06-2026,28,1,28,65,250.24,1820,2031.75,38.49,Cash,Pending,Fixed Salary,0,0
C1094,Mitesh Thakkar,DB003,Jignesh Solanki,44,Active,April,2026,30-04-2026,29,1.5,43.5,64,264.2,2784,2793.29,254.91,UPI,Partial,Commission,4,111.36
C1094,Mitesh Thakkar,DB003,Jignesh Solanki,44,Active,May,2026,27-05-2026,31,1.5,46.5,64,254.91,2976,3119.2,111.71,Bank Transfer,Partial,Commission,4,119.04
C1094,Mitesh Thakkar,DB003,Jignesh Solanki,44,Active,March,2026,28-03-2026,29,1.5,43.5,64,111.71,2784,2871.73,23.98,Cash,Pending,Commission,4,111.36
C1094,Mitesh Thakkar,DB003,Jignesh Solanki,44,Active,February,2026,25-02-2026,28,1.5,42,64,23.98,2688,2587.57,124.41,Bank Transfer,Partial,Commission,4,107.52
C1094,Mitesh Thakkar,DB003,Jignesh Solanki,44,Active,January,2026,28-01-2026,31,1.5,46.5,64,124.41,2976,2931.36,169.05,Cash,Pending,Commission,4,119.04
C1095,Alpesh Thakkar,DB004,Hardik Chauhan,45,,January,2026,25-01-2026,31,0.5,15.5,60,120.2,930,951.15,99.05,Cash,Pending,Fixed Salary,0,0
C1095,Alpesh Thakkar,DB004,Hardik Chauhan,45,Stopped,February,2026,25-02-2026,26,0.5,13,60,99.05,780,812.84,66.21,UPI,Partial,Fixed Salary,0,0
C1095,Alpesh Thakkar,DB004,Hardik Chauhan,45,Stopped,May,2026,25-05-2026,30,0.5,15,60,66.21,900,939.73,26.48,UPI,Pending,Fixed Salary,0,0
C1095,Alpesh Thakkar,DB004,Hardik Chauhan,45,Stopped,April,2026,25-04-2026,30,0.5,15,60,26.48,900,866.53,59.95,,Pending,Fixed Salary,0,0
C1095,Alpesh Thakkar,DB004,Hardik Chauhan,45,Stopped,June,2026,28-06-2026,30,0.5,15,60,59.95,900,752.65,207.3,Cash,Partial,Fixed Salary,0,0
C1095,Alpesh Thakkar,DB004,Hardik Chauhan,45,Stopped,March,2026,27-03-2026,,0.5,14.5,60,207.3,870,815.72,261.58,UPI,Pending,Fixed Salary,0,0
C1096,Dilip Soni,DB005,Mehul Joshi,46,Active,January,2026,30-01-2026,14,1,14,58,1.07,812,646.36,166.71,Bank Transfer,Pending,Commission,5,40.6
C1096,Dilip Soni,DB005,Mehul Joshi,46,Active,March,2026,31-03-2026,6,1,6,58,166.71,348,422.66,92.05,UPI,Pending,Commission,5,17.4
C1096,Dilip Soni,DB005,Mehul Joshi,46,Active,April,2026,26-04-2026,18,1,18,58,92.05,1044,879.06,256.99,Cash,Pending,Commission,5,52.2
C1096,Dilip Soni,DB005,Mehul Joshi,46,Active,February,2026,28-02-2026,7,1,7,58,256.99,406,647.36,15.63,Bank Transfer,Pending,Commission,5,20.3
C1097,Piyush Rathod,DB006,Vishal Rabari,47,Active,April,2026,28-04-2026,30,1,30,65,290.8,1950,2146.52,94.28,Bank Transfer,Partial,Fixed Salary,0,0
C1097,Piyush Rathod,DB006,Vishal Rabari,47,Active,May,2026,26-05-2026,31,1,31,65,94.28,2015,1862.26,247.02,UPI,Pending,Fixed Salary,0,0
C1097,Piyush Rathod,DB006,Vishal Rabari,47,Active,January,2026,31-01-2026,30,1,30,65,247.02,1950,2109.56,87.46,Bank Transfer,Partial,Fixed Salary,0,0
C1098,Vijay Mehta,DB007,Karan Gohil,48,Stopped,February,2026,26-02-2026,27,2,54,65,250.29,3510,3502.85,257.44,UPI,Partial,Commission,6,210.6
C1098,Vijay Mehta,DB007,Karan Gohil,48,Stopped,January,2026,25-01-2026,29,2,58,65,257.44,3770,3783.15,244.29,Cash,Partial,Commission,6,226.2
C1098,Vijay Mehta,DB007,Karan Gohil,48,Stopped,June,2026,26-06-2026,30,2,60,65,244.29,3900,3975.97,168.32,UPI,Pending,Commission,6,234
C1099,Bhavesh Mehta,DB001,Amit Patel,49,Active,May,2026,28-05-2026,29,1,29,62,-62.57,1798,1674.94,60.49,UPI,Partial,Commission,5,89.9
C1099,Bhavesh Mehta,DB001,Amit Patel,49,Active,January,2026,30-01-2026,29,1,29,62,60.49,1798,1660.83,197.66,Cash,Pending,Commission,5,89.9
C1099,Bhavesh Mehta,DB001,Amit Patel,49,Active,April,2026,25-04-2026,29,1,29,62,197.66,1798,1949.21,46.45,UPI,Partial,Commission,5,89.9
C1100,Ankit Mehta,DB002,Rahul Parmar,50,Active,June,2026,30-06-2026,24,1.5,36,64,331.1,2304,2537.78,97.32,UPI,Partial,Fixed Salary,0,0
C1100,Ankit Mehta,DB002,Rahul Parmar,50,Active,May,2026,28-05-2026,24,1.5,36,64,97.32,2304,2283.87,117.45,UPI,Pending,Fixed Salary,0,0
C1100,Ankit Mehta,DB002,Rahul Parmar,50,Active,February,2026,26-02-2026,,1.5,31.5,64,117.45,2016,1941.22,192.23,UPI,Partial,Fixed Salary,0,0
C1100,Ankit Mehta,DB002,Rahul Parmar,50,Active,April,2026,27-04-2026,,1.5,37.5,64,192.23,2400,2547.55,44.68,UPI,Pending,Fixed Salary,0,0
C1101,Bhavesh Rathod,DB003,Jignesh Solanki,1,Active,June,2026,25-06-2026,24,0.5,12,58,-82.83,696,466.2,146.97,UPI,Pending,Commission,4,27.84
C1101,Bhavesh Rathod,DB003,Jignesh Solanki,1,Active,May,2026,26-05-2026,24,0.5,12,58,146.97,696,697.55,145.42,Cash,Partial,Commission,4,27.84
C1101,Bhavesh Rathod,DB003,Jignesh Solanki,1,Active,January,2026,25-01-2026,24,0.5,12,58,145.42,696,700.28,141.14,UPI,Pending,Commission,4,27.84
C1102,Naresh Thakkar,DB004,Hardik Chauhan,2,Active,January,2026,26-01-2026,30,0.5,15,58,369.42,870,1095.11,144.31,Cash,Pending,Fixed Salary,0,0
C1102,Naresh Thakkar,DB004,Hardik Chauhan,2,Active,February,2026,28-02-2026,26,0.5,13,58,144.31,754,661.99,236.32,Cash,Partial,Fixed Salary,0,0
C1102,Naresh Thakkar,DB004,Hardik Chauhan,2,Active,March,2026,29-03-2026,29,0.5,14.5,58,236.32,841,853.23,224.09,UPI,Partial,Fixed Salary,0,0
C1102,Naresh Thakkar,DB004,Hardik Chauhan,2,Active,May,2026,29-05-2026,30,0.5,15,58,224.09,870,955.67,138.42,UPI,Partial,Fixed Salary,0,0
C1103,Mahesh Patel,DB005,Mehul Joshi,3,Active,January,2026,25-01-2026,24,3,72,64,78.43,4608,4487.61,198.82,UPI,Pending,Commission,5,230.4
C1103,Mahesh Patel,DB005,Mehul Joshi,3,Active,March,2026,26-03-2026,29,3,87,64,198.82,5568,5573.39,193.43,Cash,Pending,Commission,5,278.4
C1103,Mahesh Patel,DB005,Mehul Joshi,3,Active,February,2026,26-02-2026,22,3,66,64,193.43,4224,4389.23,28.2,UPI,Partial,Commission,5,211.2
C1103,Mahesh Patel,DB005,Mehul Joshi,3,Active,April,2026,27-04-2026,25,3,75,64,28.2,4800,4747.06,81.14,Bank Transfer,Partial,Commission,5,240
C1104,Nikunj Prajapati,DB006,Vishal Rabari,4,Active,February,2026,25-02-2026,26,2.5,65,60,128.73,3900,3732.32,296.41,UPI,Partial,Fixed Salary,0,0
C1104,Nikunj Prajapati,DB006,Vishal Rabari,4,Active,March,2026,31-03-2026,29,2.5,72.5,60,296.41,4350,4614.68,31.73,UPI,Pending,Fixed Salary,0,0
C1104,Nikunj Prajapati,DB006,Vishal Rabari,4,Active,April,2026,25-04-2026,30,2.5,75,60,31.73,4500,4360.61,171.12,Bank Transfer,Partial,Fixed Salary,0,0
C1104,Nikunj Prajapati,DB006,Vishal Rabari,4,Active,May,2026,28-05-2026,29,2.5,72.5,60,171.12,4350,4475.02,46.1,Cash,Partial,Fixed Salary,0,0
C1105,Chirag Shah,DB007,Karan Gohil,5,Active,June,2026,26-06-2026,28,0.5,14,65,339.78,910,1179.6,70.18,Bank Transfer,Partial,Commission,6,54.6
C1105,Chirag Shah,DB007,Karan Gohil,5,Active,May,2026,26-05-2026,29,0.5,14.5,65,70.18,942.5,832.93,179.75,UPI,Partial,Commission,6,56.55
C1106,Sanjay Bhatti,DB001,Amit Patel,6,Active,May,2026,,30,1.5,45,60,295.8,2700,2986.13,9.67,UPI,Partial,Commission,5,135
C1106,Sanjay Bhatti,DB001,Amit Patel,6,Active,February,2026,26-02-2026,28,1.5,42,60,9.67,2520,2326.03,203.64,UPI,Pending,Commission,5,126
C1106,Sanjay Bhatti,DB001,Amit Patel,6,Active,January,2026,30-01-2026,29,1.5,43.5,60,203.64,2610,2754.18,59.46,UPI,Pending,Commission,5,130.5
C1106,Sanjay Bhatti,DB001,Amit Patel,6,Active,June,2026,28-06-2026,28,1.5,42,60,59.46,2520,2280.27,299.19,Cash,Partial,Commission,5,126
C1106,Sanjay Bhatti,DB001,Amit Patel,6,Active,March,2026,26-03-2026,31,1.5,46.5,60,299.19,2790,2855.41,233.78,UPI,Partial,Commission,5,139.5
C1107,Sanjay Thakkar,DB002,Rahul Parmar,7,Active,May,2026,31-05-2026,29,1.5,43.5,58,,2523,2200.14,223.67,UPI,Pending,Fixed Salary,0,0
C1107,Sanjay Thakkar,DB002,Rahul Parmar,7,Active,February,2026,26-02-2026,25,1.5,37.5,58,223.67,2175,2117.53,281.14,UPI,Pending,Fixed Salary,0,0
C1107,Sanjay Thakkar,DB002,Rahul Parmar,7,Active,April,2026,30-04-2026,25,1.5,37.5,58,281.14,2175,2340.39,115.75,Bank Transfer,Pending,Fixed Salary,0,0
C1107,Sanjay Thakkar,DB002,Rahul Parmar,7,Active,March,2026,25-03-2026,27,1.5,40.5,58,115.75,2349,2305.25,159.5,Bank Transfer,Partial,Fixed Salary,0,0
C1108,Kalpesh Mehta,DB003,Jignesh Solanki,8,Inactive,February,2026,27-02-2026,27,1,27,62,173.19,1674,1725.32,121.87,UPI,Partial,Commission,4,66.96
C1108,Kalpesh Mehta,DB003,Jignesh Solanki,8,Inactive,April,2026,25-04-2026,30,1,30,62,121.87,1860,1803.41,178.46,Cash,Pending,Commission,4,74.4
C1108,Kalpesh Mehta,DB003,Jignesh Solanki,8,Inactive,January,2026,,30,1,30,62,178.46,1860,1891.74,146.72,UPI,Partial,Commission,4,74.4
C1108,Kalpesh Mehta,DB003,Jignesh Solanki,8,Inactive,June,2026,28-06-2026,29,1,29,62,146.72,1798,1819.12,125.6,Bank Transfer,Pending,Commission,4,71.92
C1108,Kalpesh Mehta,DB003,Jignesh Solanki,8,Inactive,March,2026,,29,1,29,62,125.6,1798,1822.97,100.63,UPI,Partial,Commission,4,71.92
C1108,Kalpesh Mehta,DB003,Jignesh Solanki,8,Inactive,May,2026,27-05-2026,30,1,30,62,100.63,1860,,253.36,Bank Transfer,Partial,Commission,4,74.4
C1109,Paresh Mehta,DB004,Hardik Chauhan,9,Active,February,2026,27-02-2026,26,1,26,62,93.12,1612,1436.16,268.96,Cash,Pending,Fixed Salary,0,0
C1109,Paresh Mehta,DB004,Hardik Chauhan,9,Active,January,2026,31-01-2026,24,1,24,62,268.96,1488,1648.25,108.71,UPI,Pending,Fixed Salary,0,0
C1109,Paresh Mehta,DB004,Hardik Chauhan,9,Active,June,2026,28-06-2026,26,1,26,62,108.71,1612,1456.12,264.59,Cash,Pending,Fixed Salary,0,0
C1109,Paresh Mehta,DB004,Hardik Chauhan,9,Active,March,2026,31-03-2026,25,1,25,62,264.59,1550,1527.85,286.74,Bank Transfer,Partial,Fixed Salary,0,0
C1109,Paresh Mehta,DB004,Hardik Chauhan,9,Active,May,2026,25-05-2026,29,1,29,62,,1798,1794.26,290.48,Cash,Partial,Fixed Salary,0,0
C1109,Paresh Mehta,DB004,Hardik Chauhan,9,Active,April,2026,29-04-2026,28,1,28,62,290.48,1736,1973.88,52.6,UPI,Pending,Fixed Salary,0,0
C1110,Rajesh Shah,DB005,Mehul Joshi,10,Active,June,2026,27-06-2026,28,3,84,62,-94.5,5208,4959.22,154.28,,Pending,Commission,5,260.4
C1110,Rajesh Shah,DB005,Mehul Joshi,10,Active,May,2026,29-05-2026,30,3,90,62,154.28,5580,5625.73,108.55,Bank Transfer,Pending,Commission,5,279
C1110,Rajesh Shah,DB005,Mehul Joshi,10,Active,April,2026,28-04-2026,30,3,90,62,108.55,5580,5670.64,17.91,Bank Transfer,Pending,Commission,5,279
C1110,Rajesh Shah,DB005,Mehul Joshi,10,Active,January,2026,31-01-2026,30,3,90,62,17.91,5580,5390.44,207.47,UPI,Partial,Commission,5,279
C1110,Rajesh Shah,DB005,Mehul Joshi,10,Active,February,2026,27-02-2026,28,3,84,62,207.47,5208,5379.75,35.72,Cash,Pending,Commission,5,260.4
C1110,Rajesh Shah,DB005,Mehul Joshi,10,Active,March,2026,25-03-2026,31,3,93,62,35.72,5766,5534.39,267.33,Bank Transfer,Pending,Commission,5,288.3
C1111,Vijay Shah,DB006,Vishal Rabari,11,Inactive,February,2026,26-02-2026,26,1,26,64,365.11,1664,1804.9,224.21,Bank Transfer,Pending,Fixed Salary,0,0
C1111,Vijay Shah,DB006,Vishal Rabari,11,Inactive,June,2026,29-06-2026,29,1,29,64,224.21,1856,1848.35,231.86,UPI,Pending,Fixed Salary,0,0
C1111,Vijay Shah,DB006,Vishal Rabari,11,Inactive,January,2026,28-01-2026,30,1,30,64,231.86,1920,1957.22,194.64,Bank Transfer,Pending,Fixed Salary,0,0
C1111,Vijay Shah,DB006,Vishal Rabari,11,Inactive,May,2026,26-05-2026,31,1,31,64,194.64,1984,2070.57,108.07,Cash,Pending,Fixed Salary,0,0
C1112,Rajesh Vekariya,DB007,Karan Gohil,12,Active,February,2026,27-02-2026,21,0.5,10.5,64,40.98,672,620.58,92.4,Bank Transfer,Partial,Commission,6,40.32
C1112,Rajesh Vekariya,DB007,Karan Gohil,12,Active,May,2026,30-05-2026,23,0.5,11.5,64,92.4,736,652.22,176.18,Cash,Pending,Commission,6,44.16
C1112,Rajesh Vekariya,DB007,Karan Gohil,12,,January,2026,29-01-2026,24,0.5,12,64,176.18,768,862.48,81.7,Cash,Partial,Commission,6,46.08
C1113,Ramesh Prajapati,DB001,Amit Patel,13,Active,March,2026,29-03-2026,29,2,58,64,-6.88,3712,3427.38,277.74,Bank Transfer,Pending,Commission,5,185.6
C1113,Ramesh Prajapati,DB001,Amit Patel,13,Active,April,2026,26-04-2026,29,2,58,64,277.74,3712,3798.61,191.13,Cash,Partial,Commission,5,185.6
C1113,Ramesh Prajapati,DB001,Amit Patel,13,Active,May,2026,31-05-2026,30,2,60,64,191.13,3840,3804.01,227.12,Cash,Pending,Commission,5,192
C1113,Ramesh Prajapati,DB001,Amit Patel,13,Active,February,2026,27-02-2026,26,2,52,64,227.12,3328,3472.5,82.62,Cash,Pending,Commission,5,166.4
C1113,Ramesh Prajapati,DB001,Amit Patel,13,Active,January,2026,25-01-2026,31,2,62,64,82.62,3968,4014.29,36.33,Cash,Partial,Commission,5,198.4
C1114,Sanjay Solanki,DB002,Rahul Parmar,14,Active,February,2026,27-02-2026,28,1.5,42,65,366.96,2730,2848.47,248.49,Bank Transfer,Partial,Fixed Salary,0,0
C1114,Sanjay Solanki,DB002,Rahul Parmar,14,Active,January,2026,31-01-2026,29,1.5,43.5,65,248.49,2827.5,2882.56,193.43,Bank Transfer,Partial,Fixed Salary,0,0
C1114,Sanjay Solanki,DB002,Rahul Parmar,14,Active,May,2026,28-05-2026,30,1.5,45,65,193.43,2925,3000.08,118.35,Bank Transfer,Pending,Fixed Salary,0,0
C1114, Sanjay Solanki ,DB002,Rahul Parmar,14,Active,March,2026,31-03-2026,30,1.5,45,65,118.35,2925,2893.41,149.94,Cash,Pending,Fixed Salary,0,0
C1115,Jayesh Desai,DB003,Jignesh Solanki,15,Active,February,2026,26-02-2026,20,2.5,50,60,77.5,3000,2800.14,277.36,UPI,Partial,Commission,4,120
C1115,Jayesh Desai,DB003,Jignesh Solanki,15,Active,June,2026,30-06-2026,26,2.5,65,60,277.36,3900,4047.59,129.77,UPI,Pending,Commission,4,156
C1115,Jayesh Desai,DB003,Jignesh Solanki,15,Active,March,2026,26-03-2026,29,2.5,72.5,60,129.77,4350,4223.88,255.89,UPI,Partial,Commission,4,174
C1115,Jayesh Desai,DB003,Jignesh Solanki,15,Active,April,2026,27-04-2026,27,2.5,67.5,60,255.89,4050,4050.99,254.9,UPI,Partial,Commission,4,162
C1116,Bhavesh Prajapati,DB004,Hardik Chauhan,16,Active,May,2026,25-05-2026,31,1.5,46.5,64,237.26,2976,3149.34,63.92,UPI,Pending,Fixed Salary,0,0
C1116,Bhavesh Prajapati,DB004,Hardik Chauhan,16,Active,March,2026,25-03-2026,30,1.5,45,64,63.92,2880,2741.12,202.8,UPI,Pending,Fixed Salary,0,0
C1116,Bhavesh Prajapati,DB004,Hardik Chauhan,16,Active,January,2026,26-01-2026,31,1.5,46.5,64,202.8,2976,3023.62,155.18,UPI,Pending,Fixed Salary,0,0
C1116,Bhavesh Prajapati,DB004,Hardik Chauhan,16,Active,June,2026,27-06-2026,28,1.5,42,64,155.18,2688,2705.86,137.32,UPI,Pending,Fixed Salary,0,0
C1116,Bhavesh Prajapati,DB004,Hardik Chauhan,16,Active,February,2026,25-02-2026,28,1.5,42,64,137.32,2688,2807.59,17.73,Cash,Partial,Fixed Salary,0,0
C1117,Hitesh Trivedi,DB005,Mehul Joshi,17,Active,March,2026,31-03-2026,31,0.5,15.5,64,11.78,992,765.74,238.04,UPI,Pending,Commission,5,49.6
C1117,Hitesh Trivedi,DB005,Mehul Joshi,17,Active,May,2026,31-05-2026,31,0.5,15.5,64,238.04,992,1068.92,161.12,UPI,Partial,Commission,5,49.6
C1117,Hitesh Trivedi,DB005,Mehul Joshi,17,Active,February,2026,28-02-2026,26,0.5,13,64,161.12,832,984.61,8.51,Bank Transfer,Pending,Commission,5,41.6
C1117,Hitesh Trivedi,DB005,Mehul Joshi,17,Active,January,2026,30-01-2026,30,0.5,15,64,8.51,960,949.59,18.92,Bank Transfer,Pending,Commission,5,48
C1118,Vijay Solanki,DB006,Vishal Rabari,18,Active,February,2026,26-02-2026,28,2,56,58,374.99,3248,3327.11,295.88,UPI,Pending,Fixed Salary,0,0
C1118,Vijay Solanki,DB006,Vishal Rabari,18,Active,January,2026,26-01-2026,30,2,60,58,295.88,3480,3639.69,136.19,Bank Transfer,Pending,Fixed Salary,0,0
C1118,Vijay Solanki,DB006,Vishal Rabari,18,Active,March,2026,26-03-2026,30,2,60,58,136.19,3480,3431.48,184.71,UPI,Pending,Fixed Salary,0,0
C1118,Vijay Solanki,DB006,Vishal Rabari,18,Active,April,2026,28-04-2026,29,2,58,58,184.71,3364,3320.84,227.87,UPI,Partial,Fixed Salary,0,0
C1118,Vijay Solanki,DB006,Vishal Rabari,18,Active,June,2026,27-06-2026,28,2,56,58,227.87,3248,3238.8,237.07,Bank Transfer,Partial,Fixed Salary,0,0
C1119,Ankit Bhatti,DB007,Karan Gohil,19,Active,June,2026,29-06-2026,22,3,66,62,-137.4,4092,3703.96,250.64,Bank Transfer,Pending,Commission,6,245.52
C1119,Ankit Bhatti,DB007,Karan Gohil,19,Active,January,2026,27-01-2026,25,3,75,62,250.64,4650,4712.37,188.27,Bank Transfer,Pending,Commission,6,279
C1119,Ankit Bhatti,DB007,Karan Gohil,19,Active,May,2026,30-05-2026,25,3,75,62,188.27,4650,4806.69,31.58,Bank Transfer,Partial,Commission,6,279
C1119,Ankit Bhatti,DB007,Karan Gohil,19,Active,February,2026,25-02-2026,22,3,66,62,31.58,4092,3997.27,126.31,Upi,Pending,Commission,6,245.52
C1119,Ankit Bhatti,DB007,Karan Gohil,19,Active,April,2026,28-04-2026,24,3,72,62,126.31,4464,4558.3,32.01,UPI,Pending,Commission,6,267.84
C1119,Ankit Bhatti,DB007,Karan Gohil,19,Active,March,2026,28-03-2026,26,3,78,62,32.01,4836,4570.84,297.17,Cash,Pending,Commission,6,290.16
C1120,Ankit Solanki,DB001,Amit Patel,20,Active,February,2026,28-02-2026,26,0.5,13,60,-11.82,780,555.12,213.06,Bank Transfer,Pending,Commission,5,39
C1120,Ankit Solanki,DB001,Amit Patel,20,Active,March,2026,26-03-2026,29,0.5,14.5,60,213.06,870,839.5,243.56,Cash,Partial,Commission,5,43.5
C1120,Ankit Solanki,DB001,Amit Patel,20,Active,May,2026,25-05-2026,29,0.5,14.5,60,243.56,870,1080.22,33.34,Bank Transfer,Pending,Commission,5,43.5
C1120,Ankit Solanki,DB001,Amit Patel,20,Active,April,2026,25-04-2026,28,0.5,14,60,33.34,840,629.38,243.96,UPI,Pending,Commission,5,42
C1120,Ankit Solanki,DB001,Amit Patel,20,Active,January,2026,31-01-2026,29,0.5,14.5,60,243.96,870,847.25,266.71,Bank Transfer,Partial,Commission,5,43.5
C1121,Alpesh Joshi,DB002,Rahul Parmar,21,Active,January,2026,29-01-2026,25,2.5,62.5,65,116.49,4062.5,4064.21,114.78,UPI,Partial,Fixed Salary,0,0
C1121,Alpesh Joshi,DB002,Rahul Parmar,21,Active,February,2026,28-02-2026,21,2.5,52.5,65,114.78,3412.5,3243.83,283.45,Cash,Pending,Fixed Salary,0,0
C1121,Alpesh Joshi,DB002,Rahul Parmar,21,Active,May,2026,31-05-2026,29,2.5,72.5,65,283.45,4712.5,4975.68,20.27,Bank Transfer,Partial,Fixed Salary,0,0
C1122,Pravin Patel,DB003,Jignesh Solanki,22,Active,June,2026,25-06-2026,26,3,78,64,242.56,4992,5192.03,42.53,Cash,Pending,Commission,4,199.68
C1122,Pravin Patel,DB003,Jignesh Solanki,22,Active,April,2026,28-04-2026,27,3,81,64,42.53,5184,5154.95,71.58,,Partial,Commission,4,207.36
C1122,Pravin Patel,DB003,Jignesh Solanki,22,Active,May,2026,26-05-2026,27,3,81,64,71.58,5184,5019.16,236.42,UPI,Partial,Commission,4,207.36
C1123,Dharmesh Kansara,DB004,Hardik Chauhan,23,Active,February,2026,28-02-2026,27,0.5,13.5,60,-123.23,810,674.37,12.4,Cash,Partial,Fixed Salary,0,0
C1123,Dharmesh Kansara,DB004,Hardik Chauhan,23,Active,January,2026,26-01-2026,29,0.5,14.5,60,12.4,870,654.55,227.85,Bank Transfer,Partial,Fixed Salary,0,0
C1123,Dharmesh Kansara,DB004,Hardik Chauhan,23,Active,April,2026,25-04-2026,28,0.5,14,60,227.85,840,825.73,242.12,UPI,Pending,Fixed Salary,0,0
C1124,Milan Gohil,DB005,Mehul Joshi,24,Active,May,2026,30-05-2026,31,0.5,15.5,64,-133.66,992,674.5,183.84,Bank Transfer,Partial,Commission,5,49.6
C1124,Milan Gohil,DB005,Mehul Joshi,24,Active,June,2026,28-06-2026,28,0.5,14,64,183.84,896,881.41,198.43,Bank Transfer,Pending,Commission,5,44.8
C1125,Rajesh Thakkar,DB006,Vishal Rabari,25,Active,April,2026,30-04-2026,22,2.5,55,58,-136.76,3190,2869.44,183.8,UPI,Pending,Fixed Salary,0,0
C1125,Rajesh Thakkar,DB006,Vishal Rabari,25,Active,February,2026,25-02-2026,20,2.5,50,58,183.8,2900,3057.45,26.35,UPI,Partial,Fixed Salary,0,0
C1125,Rajesh Thakkar,DB006,Vishal Rabari,25,Active,January,2026,26-01-2026,25,2.5,62.5,58,26.35,3625,3569.15,82.2,Cash,Pending,Fixed Salary,0,0
C1125,Rajesh Thakkar,DB006,Vishal Rabari,25,Active,March,2026,25-03-2026,26,2.5,65,58,82.2,3770,3670.27,181.93,Cash,Partial,Fixed Salary,0,0
C1125,Rajesh Thakkar,DB006,Vishal Rabari,25,Active,June,2026,29-06-2026,22,2.5,55,58,181.93,3190,3349.43,22.5,UPI,Partial,Fixed Salary,0,0
C1125,Rajesh Thakkar,DB006,Vishal Rabari,25,Active,May,2026,31-05-2026,26,2.5,65,58,22.5,3770,3655.81,136.69,Cash,Partial,Fixed Salary,0,0
C1126,Ramesh Rabari,DB007,Karan Gohil,26,Active,June,2026,29-06-2026,28,0.5,14,58,244.17,812,782.82,273.35,UPI,Partial,Commission,6,48.72
C1126,Ramesh Rabari,DB007,Karan Gohil,26,Active,February,2026,27-02-2026,22,0.5,11,58,,638,778.83,132.52,Bank Transfer,Partial,Commission,6,38.28
C1127,Mitesh Gohil,DB001,Amit Patel,27,Active,February,2026,26-02-2026,26,0.5,13,62,-97.91,806,584.37,123.72,UPI,Pending,Commission,5,40.3
C1127,Mitesh Gohil,DB001,Amit Patel,27,Active,April,2026,26-04-2026,30,0.5,15,62,123.72,930,787.84,265.88,Cash,Partial,Commission,5,46.5
C1127,Mitesh Gohil,DB001,Amit Patel,27,Active,March,2026,25-03-2026,30,0.5,15,62,265.88,930,957.5,238.38,Bank Transfer,Partial,Commission,5,46.5
C1127,Mitesh Gohil,DB001,Amit Patel,27,Active,June,2026,30-06-2026,28,0.5,14,62,238.38,868,858.75,247.63,Cash,Pending,Commission,5,43.4
C1127,Mitesh Gohil,DB001,Amit Patel,27,Active,January,2026,28-01-2026,30,0.5,15,62,247.63,930,1067.49,110.14,Bank Transfer,Partial,Commission,5,46.5
C1128,Darshan Shah,DB002,Rahul Parmar,28,Active,May,2026,28-05-2026,29,0.5,14.5,65,146.12,942.5,816.66,271.96,UPI,Pending,Fixed Salary,0,0
C1128,Darshan Shah,DB002,Rahul Parmar,28,Active,January,2026,29-01-2026,28,0.5,14,65,271.96,910,1146.46,35.5,UPI,Pending,Fixed Salary,0,0
C1128,Darshan Shah,DB002,Rahul Parmar,28,Active,February,2026,28-02-2026,25,0.5,12.5,65,35.5,812.5,798.07,49.93,Bank Transfer,Pending,Fixed Salary,0,0
C1128,Darshan Shah,DB002,Rahul Parmar,28,Active,June,2026,30-06-2026,23,0.5,11.5,65,49.93,747.5,694.91,102.52,,Partial,Fixed Salary,0,0
C1128,Darshan Shah,DB002,Rahul Parmar,28,Active,April,2026,30-04-2026,28,0.5,14,65,102.52,910,949.76,62.76,Cash,Partial,Fixed Salary,0,0
C1129,Ketan Patel,DB003,Jignesh Solanki,29,Active,May,2026,30-05-2026,29,3,87,58,-107.13,5046,4830.42,108.45,,Partial,Commission,4,201.84
C1129,Ketan Patel,DB003,Jignesh Solanki,29,Active,January,2026,31-01-2026,30,3,90,58,108.45,5220,5133.93,194.52,Bank Transfer,Pending,Commission,4,208.8
C1130,Tushar Rathod,DB004,Hardik Chauhan,30,Active,April,2026,28-04-2026,29,1.5,43.5,58,74.92,2523,2501.11,96.81,UPI,Partial,Fixed Salary,0,0
C1130,Tushar Rathod,DB004,Hardik Chauhan,30,Active,January,2026,30-01-2026,29,1.5,43.5,58,96.81,2523,2587.84,31.97,UPI,Pending,Fixed Salary,0,0
C1130,Tushar Rathod,DB004,Hardik Chauhan,30,Active,June,2026,25-06-2026,29,1.5,43.5,58,,2523,2471.68,83.29,UPI,Partial,Fixed Salary,0,0
C1131,Harshad Kansara,DB005,Mehul Joshi,31,Active,February,2026,27-02-2026,20,3,60,60,21.58,3600,3370.52,251.06,UPI,Pending,Commission,5,180
C1131,Harshad Kansara,DB005,Mehul Joshi,31,Active,January,2026,25-01-2026,28,3,84,60,251.06,5040,5264.38,26.68,Bank Transfer,Partial,Commission,5,252
C1131,Harshad Kansara,DB005,Mehul Joshi,31,Active,June,2026,27-06-2026,22,3,66,60,26.68,3960,3897.91,88.77,Cash,Partial,Commission,5,198
C1131,Harshad Kansara,DB005,Mehul Joshi,31,Active,April,2026,27-04-2026,24,3,72,60,88.77,4320,4246.12,162.65,UPI,Partial,Commission,5,216
C1132,Ajay Vyas,DB006,Vishal Rabari,32,Active,February,2026,26-02-2026,27,1.5,40.5,62,137.68,2511,2420.44,228.24,UPI,Partial,Fixed Salary,0,0
C1132,Ajay Vyas,DB006,Vishal Rabari,32,Active,June,2026,30-06-2026,28,1.5,42,62,228.24,2604,2603.45,228.79,Cash,Partial,Fixed Salary,0,0
C1133,Pravin Parmar,DB007,Karan Gohil,33,Active,February,2026,28-02-2026,27,0.5,13.5,62,215,837,905.77,146.23,UPI,Pending,Commission,6,50.22
C1133,Pravin Parmar,DB007,Karan Gohil,33,Active,March,2026,26-03-2026,29,0.5,14.5,62,146.23,899,923.82,121.41,Cash,Pending,Commission,6,53.94
C1133,Pravin Parmar,DB007,Karan Gohil,33,Active,January,2026,26-01-2026,29,0.5,14.5,62,121.41,899,892.66,127.75,UPI,Partial,Commission,6,53.94
C1133,Pravin Parmar,DB007,Karan Gohil,33,Active,June,2026,26-06-2026,28,0.5,14,62,127.75,868,915.92,79.83,Cash,Pending,Commission,6,52.08
C1134,Mitesh Trivedi,DB001,Amit Patel,34,Inactive,May,2026,26-05-2026,29,0.5,14.5,65,-27.68,942.5,896.85,17.97,Cash,Partial,Commission,5,47.12
C1134,Mitesh Trivedi,DB001,Amit Patel,34,Inactive,June,2026,25-06-2026,30,0.5,15,65,17.97,975,941.78,51.19,Cash,Partial,Commission,5,48.75
C1134,Mitesh Trivedi,DB001,Amit Patel,34,Inactive,April,2026,30-04-2026,28,0.5,14,65,51.19,910,817.99,143.2,Cash,Pending,Commission,5,45.5
C1135,Jatin Gohil,DB002,Rahul Parmar,35,Active,January,2026,30-01-2026,30,3,90,64,-37.07,5760,5668.94,53.99,UPI,Partial,Fixed Salary,0,0
C1135,Jatin Gohil,DB002,Rahul Parmar,35,Active,June,2026,28-06-2026,29,3,87,64,53.99,5568,5415.92,206.07,UPI,Partial,Fixed Salary,0,0
C1135,Jatin Gohil,DB002,Rahul Parmar,35,Active,April,2026,26-04-2026,30,3,90,64,206.07,5760,5784.59,181.48,Bank Transfer,Pending,Fixed Salary,0,0
C1135,Jatin Gohil,DB002,Rahul Parmar,35,Active,February,2026,27-02-2026,27,3,81,64,181.48,5184,5124.39,241.09,Cash,Partial,Fixed Salary,0,0
C1136,Piyush Gohil,DB003,Jignesh Solanki,36,Active,April,2026,27-04-2026,28,3,84,60,178.88,5040,5133.33,85.55,UPI,Partial,Commission,4,201.6
C1136,Piyush Gohil,DB003,Jignesh Solanki,36,Active,February,2026,28-02-2026,28,3,84,60,85.55,5040,5031.34,94.21,UPI,Partial,Commission,4,201.6
C1137,Mitesh Rathod,DB004,Hardik Chauhan,37,Active,April,2026,30-04-2026,30,0.5,15,60,116.32,900,760.34,255.98,Bank Transfer,Pending,Fixed Salary,0,0
C1137,Mitesh Rathod,DB004,Hardik Chauhan,37,Active,March,2026,31-03-2026,29,0.5,14.5,60,255.98,870,939.61,186.37,UPI,Partial,Fixed Salary,0,0
C1138,Hitesh Vekariya,DB005,Mehul Joshi,38,Active,January,2026,31-01-2026,30,2,60,62,386.22,3720,3905.62,200.6,UPI,Pending,Commission,5,186
C1138,Hitesh Vekariya,DB005,Mehul Joshi,38,Active,April,2026,29-04-2026,28,2,56,62,200.6,3472,3601.07,71.53,UPI,Partial,Commission,5,173.6
C1138,Hitesh Vekariya,DB005,Mehul Joshi,38,Active,February,2026,26-02-2026,27,2,54,62,71.53,3348,3237.54,181.99,Cash,Pending,Commission,5,167.4
C1138,Hitesh Vekariya,DB005,Mehul Joshi,38,Active,May,2026,28-05-2026,30,2,60,62,181.99,3720,3829.86,72.13,UPI,Pending,Commission,5,186
C1139,Ramesh Gohil,DB006,Vishal Rabari,39,Active,February,2026,28-02-2026,27,2.5,67.5,60,26.67,4050,4026.42,50.25,Bank Transfer,Pending,Fixed Salary,0,0
C1139,Ramesh Gohil,DB006,Vishal Rabari,39,Active,June,2026,26-06-2026,,2.5,72.5,60,50.25,4350,4133.74,266.51,UPI,Partial,Fixed Salary,0,0
C1140,Hitesh Gohil,DB007,Karan Gohil,40,Inactive,January,2026,28-01-2026,29,3,87,62,-121.63,5394,5185.68,86.69,UPI,Partial,Commission,6,323.64
C1140,Hitesh Gohil,DB007,Karan Gohil,40,Inactive,March,2026,28-03-2026,29,3,87,62,86.69,5394,5321.88,158.81,Cash,Partial,Commission,6,323.64
C1141,Jayesh Soni,DB001,Amit Patel,41,Active,May,2026,28-05-2026,24,2.5,60,65,53.26,3900,3695.43,257.83,Cash,Partial,Commission,5,195
C1141,Jayesh Soni,DB001,Amit Patel,41,Active,February,2026,25-02-2026,22,2.5,55,65,257.83,3575,3545.94,286.89,Cash,Partial,Commission,5,178.75
C1141,Jayesh Soni,DB001,Amit Patel,41,Active,April,2026,25-04-2026,26,2.5,65,65,286.89,4225,4307.17,204.72,UPI,Pending,Commission,5,211.25
C1141,Jayesh Soni,DB001,Amit Patel,41,Active,January,2026,28-01-2026,26,2.5,65,65,204.72,4225,4287.12,142.6,Bank Transfer,Partial,Commission,5,211.25
C1141,Jayesh Soni,DB001,Amit Patel,41,Active,June,2026,25-06-2026,24,2.5,60,65,142.6,3900,3806.89,235.71,UPI,Pending,Commission,5,195
C1141,Jayesh Soni,DB001,Amit Patel,41,Active,March,2026,30-03-2026,24,2.5,60,65,235.71,3900,3972.95,162.76,Cash,Partial,Commission,5,195
C1142,Bharat Chauhan,DB002,Rahul Parmar,42,Active,February,2026,28-02-2026,20,2,40,62,271.78,2480,2741.08,10.7,,Pending,Fixed Salary,0,0
C1142,Bharat Chauhan,DB002,Rahul Parmar,42,Active,June,2026,27-06-2026,27,2,54,62,10.7,3348,3335.36,23.34,Bank Transfer,Pending,Fixed Salary,0,0
C1142,Bharat Chauhan,DB002,Rahul Parmar,42,,March,2026,27-03-2026,27,2,54,62,23.34,3348,3208.46,162.88,Cash,Pending,Fixed Salary,0,0
C1143,Rajesh Rabari,DB003,Jignesh Solanki,43,Active,April,2026,30-04-2026,30,3,90,64,221.78,5760,5751.75,230.03,Bank Transfer,paid,Commission,4,230.4
C1143,Rajesh Rabari,DB003,Jignesh Solanki,43,Active,March,2026,31-03-2026,29,3,87,64,230.03,5568,5586.56,211.47,UPI,Pending,Commission,4,222.72
C1143,Rajesh Rabari,DB003,Jignesh Solanki,43,Active,January,2026,29-01-2026,30,3,90,64,211.47,5760,,194.62,UPI,Partial,Commission,4,230.4
C1144,Bharat Mehta,DB004,Hardik Chauhan,44,Active,April,2026,26-04-2026,28,0.5,14,65,-141.75,910,742.52,25.73,UPI,Partial,Fixed Salary,0,0
C1144,Bharat Mehta,DB004,Hardik Chauhan,44,Active,May,2026,25-05-2026,29,0.5,14.5,65,25.73,942.5,915.87,52.36,Bank Transfer,Partial,Fixed Salary,0,0
C1144,Bharat Mehta,DB004,Hardik Chauhan,44,Active,March,2026,26-03-2026,29,0.5,14.5,65,52.36,942.5,960.59,34.27,UPI,Partial,Fixed Salary,0,0
C1144,Bharat Mehta,DB004,Hardik Chauhan,44,Active,January,2026,27-01-2026,30,0.5,15,65,34.27,975,908.66,100.61,Bank Transfer,Pending,Fixed Salary,0,0
C1144,Bharat Mehta,DB004,Hardik Chauhan,44,Active,June,2026,27-06-2026,29,0.5,14.5,65,100.61,942.5,917.89,125.22,Cash,Pending,Fixed Salary,0,0
C1144,Bharat Mehta,DB004,Hardik Chauhan,44,Active,February,2026,27-02-2026,26,0.5,13,65,125.22,845,692.05,278.17,Cash,Partial,Fixed Salary,0,0
C1145,Bhavesh Vyas,DB005,Mehul Joshi,45,Active,March,2026,31-03-2026,24,0.5,12,65,-5.38,780,593.07,181.55,Bank Transfer,Partial,Commission,5,39
C1145,Bhavesh Vyas,DB005,Mehul Joshi,45,Active,May,2026,27-05-2026,24,0.5,12,65,181.55,780,709.87,251.68,Cash,Pending,Commission,5,39
C1145,Bhavesh Vyas,DB005,Mehul Joshi,45,Active,April,2026,25-04-2026,27,0.5,13.5,65,251.68,877.5,1124.19,4.99,Cash,Paid,Commission,5,43.88
C1145,Bhavesh Vyas,DB005,Mehul Joshi,45,Active,January,2026,26-01-2026,29,0.5,14.5,65,4.99,942.5,805.75,141.74,UPI,Partial,Commission,5,47.12
C1146,Mukesh Rabari,DB006,Vishal Rabari,46,Active,June,2026,29-06-2026,26,2,52,64,-22.82,3328,3174.54,130.64,upi,Partial,Fixed Salary,0,0
C1146,Mukesh Rabari,DB006,Vishal Rabari,46,Active,April,2026,26-04-2026,23,2,46,64,130.64,2944,3042.27,32.37,Bank Transfer,Pending,Fixed Salary,0,0
C1147,Jatin Bhatti,DB007,Karan Gohil,47,Active,January,2026,26-01-2026,31,2,62,65,32.52,4030,4055.47,7.05,Bank Transfer,Pending,Commission,6,241.8
C1147,Jatin Bhatti,DB007,Karan Gohil,47,Active,February,2026,26-02-2026,28,2,56,65,7.05,3640,3431.69,215.36,Cash,Partial,Commission,6,218.4
C1148,Krunal Chauhan,DB001,Amit Patel,48,Active,February,2026,28-02-2026,26,3,78,62,-77.82,4836,4656.51,101.67,Bank Transfer,Pending,Commission,5,241.8
C1148,Krunal Chauhan,DB001,Amit Patel,48,Active,April,2026,29-04-2026,24,3,72,62,101.67,4464,4408.8,156.87,Cash,Partial,Commission,5,223.2
C1149,Jatin Shah,DB002,Rahul Parmar,49,Active,June,2026,30-06-2026,28,0.5,14,62,-20.01,868,788.68,59.31,UPI,Pending,Fixed Salary,0,0
C1149,Jatin Shah,DB002,Rahul Parmar,49,Active,February,2026,25-02-2026,28,0.5,14,62,59.31,868,784.37,142.94,Cash,Partial,Fixed Salary,0,0
C1149,Jatin Shah,DB002,Rahul Parmar,49,Active,April,2026,28-04-2026,30,0.5,15,62,142.94,930,1051.92,21.02,Cash,Pending,Fixed Salary,0,0
C1150,Nikunj Bhatti,DB003,Jignesh Solanki,50,Active,June,2026,30-06-2026,30,1,30,65,318.76,1950,2253.44,15.32,Cash,Partial,Commission,4,78
C1150,Nikunj Bhatti,DB003,Jignesh Solanki,50,Active,March,2026,25-03-2026,30,1,30,65,15.32,1950,1925.4,39.92,Bank Transfer,Partial,Commission,4,78
C1150,Nikunj Bhatti,DB003,Jignesh Solanki,50,Active,April,2026,30-04-2026,29,1,29,65,39.92,1885,1719.7,205.22,UPI,Pending,Commission,4,75.4
C1150,Nikunj Bhatti,DB003,Jignesh Solanki,50,Active,May,2026,28-05-2026,29,1,29,65,205.22,1885,1834.49,255.73,Bank Transfer,Pending,Commission,4,75.4
C1150,Nikunj Bhatti,DB003,Jignesh Solanki,50,Active,February,2026,25-02-2026,28,1,28,65,255.73,1820,2050.02,25.71,Cash,Partial,Commission,4,72.8
C1151,Jatin Soni,DB004,Hardik Chauhan,1,Active,May,2026,30-05-2026,29,2.5,72.5,60,-111.15,4350,4166.95,71.9,Cash,Pending,Fixed Salary,0,0
C1151,Jatin Soni,DB004,Hardik Chauhan,1,Active,June,2026,29-06-2026,29,2.5,72.5,60,71.9,4350,4313.17,108.73,UPI,Pending,Fixed Salary,0,0
C1151,Jatin Soni,DB004,Hardik Chauhan,1,Active,April,2026,28-04-2026,28,2.5,70,60,108.73,4200,4281.22,27.51,Bank Transfer,Pending,Fixed Salary,0,0
C1152,Rajesh Rathod,DB005,Mehul Joshi,2,Active,June,2026,26-06-2026,25,2.5,62.5,60,267.32,3750,3985.22,32.1,Bank Transfer,Pending,Commission,5,187.5
C1152,Rajesh Rathod,DB005,Mehul Joshi,2,Active,February,2026,27-02-2026,20,2.5,50,60,32.1,3000,2955.55,76.55,Cash,Partial,Commission,5,150
C1152,Rajesh Rathod,DB005,Mehul Joshi,2,Active,May,2026,30-05-2026,25,2.5,62.5,60,76.55,3750,3774.71,51.84,Bank Transfer,Pending,Commission,5,187.5
C1152,Rajesh Rathod,DB005,Mehul Joshi,2,Active,March,2026,31-03-2026,24,2.5,60,60,51.84,3600,3453.94,197.9,UPI,Partial,Commission,5,180
C1152,Rajesh Rathod,DB005,Mehul Joshi,2,Active,January,2026,29-01-2026,24,2.5,60,60,197.9,3600,3625.43,172.47,UPI,Pending,Commission,5,180
C1153,Harshad Rathod,DB006,Vishal Rabari,3,Active,March,2026,26-03-2026,30,1.5,45,58,24.78,2610,2516.46,118.32,Cash,Partial,Fixed Salary,0,0
C1153,Harshad Rathod,DB006,Vishal Rabari,3,Active,June,2026,30-06-2026,28,1.5,42,58,118.32,2436,2281.46,272.86,Cash,Partial,Fixed Salary,0,0
C1153,Harshad Rathod,DB006,Vishal Rabari,3,Active,May,2026,31-05-2026,29,1.5,43.5,58,272.86,2523,2498.67,297.19,Bank Transfer,Partial,Fixed Salary,0,0
C1153,Harshad Rathod,DB006,Vishal Rabari,3,Active,April,2026,28-04-2026,28,1.5,42,58,297.19,2436,2489.29,243.9,Cash,Pending,Fixed Salary,0,0
C1154,Chirag Soni,DB007,Karan Gohil,4,Active,March,2026,31-03-2026,30,1,30,62,242.29,1860,1838.64,263.65,UPI,Partial,Commission,6,111.6
C1154,Chirag Soni,DB007,Karan Gohil,4,Active,February,2026,28-02-2026,28,1,28,62,263.65,1736,,293.75,Cash,Pending,Commission,6,104.16
C1155,Bhavesh Bhatti,DB001,Amit Patel,5,Active,January,2026,27-01-2026,29,3,87,60,-12.86,5220,,270.91,UPI,Partial,Commission,5,261
C1155,Bhavesh Bhatti,DB001,Amit Patel,5,Active,March,2026,26-03-2026,29,3,87,60,270.91,5220,5306.39,184.52,Cash,Partial,Commission,5,261
C1156,Pravin Trivedi,DB002,Rahul Parmar,6,Active,June,2026,29-06-2026,24,1.5,36,64,374.74,2304,2458.62,220.12,Cash,Pending,Fixed Salary,0,0
C1156,Pravin Trivedi,DB002,Rahul Parmar,6,Active,May,2026,28-05-2026,23,1.5,34.5,64,220.12,2208,2248.15,179.97,Bank Transfer,Partial,Fixed Salary,0,0
C1156,Pravin Trivedi,DB002,Rahul Parmar,6,Active,April,2026,26-04-2026,25,1.5,37.5,64,179.97,2400,2455.05,124.92,,Partial,Fixed Salary,0,0
C1156,Pravin Trivedi,DB002,Rahul Parmar,6,Active,February,2026,25-02-2026,21,1.5,31.5,64,124.92,2016,2032.21,108.71,Cash,Partial,Fixed Salary,0,0
C1157,Nilesh Mehta,DB003,Jignesh Solanki,7,Active,February,2026,25-02-2026,27,2,54,65,-77.96,3510,3185.92,246.12,Bank Transfer,Pending,Commission,4,140.4
C1157,Nilesh Mehta,DB003,Jignesh Solanki,7,Active,May,2026,26-05-2026,29,2,58,65,246.12,3770,3777.95,238.17,Bank Transfer,paid,Commission,4,150.8
C1158,Darshan Solanki,DB004,Hardik Chauhan,8,Active,February,2026,26-02-2026,27,1,27,64,240.42,1728,1804.36,164.06,Bank Transfer,Partial,Fixed Salary,0,0
C1158,Darshan Solanki,DB004,Hardik Chauhan,8,Active,March,2026,26-03-2026,31,1,31,64,164.06,1984,1861.06,287,Bank Transfer,Partial,Fixed Salary,0,0
C1158,Darshan Solanki,DB004,Hardik Chauhan,8,Active,May,2026,31-05-2026,29,1,29,64,287,1856,1869.94,273.06,Bank Transfer,Partial,Fixed Salary,0,0
C1158,Darshan Solanki,DB004,Hardik Chauhan,8,Active,June,2026,29-06-2026,30,1,30,64,273.06,1920,2084.55,108.51,UPI,PAID,Fixed Salary,0,0
C1158,Darshan Solanki,DB004,Hardik Chauhan,8,Active,January,2026,29-01-2026,29,1,29,64,108.51,1856,1694.1,270.41,Bank Transfer,Partial,Fixed Salary,0,0
C1159,Ketan Makwana,DB005,Mehul Joshi,9,Active,January,2026,29-01-2026,31,2.5,77.5,60,-65.74,4650,4501.46,82.8,Cash,Partial,Commission,5,232.5
C1159,Ketan Makwana,DB005,Mehul Joshi,9,Active,April,2026,27-04-2026,30,2.5,75,60,82.8,4500,4442.31,140.49,UPI,Partial,Commission,5,225
C1159,Ketan Makwana,DB005,Mehul Joshi,9,Active,February,2026,26-02-2026,28,2.5,70,60,140.49,4200,4290.86,49.63,UPI,Pending,Commission,5,210
C1159,Ketan Makwana,DB005,Mehul Joshi,9,Active,March,2026,31-03-2026,31,2.5,77.5,60,49.63,4650,4453.06,246.57,UPI,Partial,Commission,5,232.5
C1159,Ketan Makwana,DB005,Mehul Joshi,9,Active,May,2026,30-05-2026,29,2.5,72.5,60,246.57,4350,4303.76,292.81,Bank Transfer,Partial,Commission,5,217.5
C1160,Jayesh Gohil,DB006,Vishal Rabari,10,Active,May,2026,26-05-2026,29,3,87,65,309.82,5655,5704.25,260.57,Bank Transfer,Pending,Fixed Salary,0,0
C1160,Jayesh Gohil,DB006,Vishal Rabari,10,Active,January,2026,29-01-2026,30,3,90,65,260.57,5850,5972.58,137.99,Bank Transfer,Partial,Fixed Salary,0,0
C1160,Jayesh Gohil,DB006,Vishal Rabari,10,Active,April,2026,26-04-2026,29,3,87,65,137.99,5655,5670.51,122.48,Bank Transfer,Partial,Fixed Salary,0,0
C1160,Jayesh Gohil,DB006,Vishal Rabari,10,Active,June,2026,29-06-2026,28,3,84,65,122.48,5460,5534.11,48.37,Cash,Pending,Fixed Salary,0,0
C1160,Jayesh Gohil,DB006,Vishal Rabari,10,Active,February,2026,28-02-2026,27,3,81,65,48.37,5265,5222.41,90.96,UPI,Partial,Fixed Salary,0,0
C1161,Chirag Gohil,DB007,Karan Gohil,11,Active,April,2026,29-04-2026,30,2.5,75,60,127.51,4500,4481.64,145.87,Cash,Pending,Commission,6,270
C1161,Chirag Gohil,DB007,Karan Gohil,11,Active,June,2026,29-06-2026,28,2.5,70,60,145.87,4200,4204.32,141.55,Bank Transfer,Partial,Commission,6,252
C1161,Chirag Gohil,DB007,Karan Gohil,11,Active,May,2026,25-05-2026,29,2.5,72.5,60,141.55,4350,4421.68,69.87,Cash,Pending,Commission,6,261
C1162,Milan Mehta,DB001,Amit Patel,12,Active,June,2026,27-06-2026,28,3,84,62,43.59,5208,4996.74,254.85,Bank Transfer,Pending,Commission,5,260.4
C1162,Milan Mehta,DB001,Amit Patel,12,Active,February,2026,28-02-2026,28,3,84,62,254.85,5208,5273.86,188.99,Bank Transfer,Pending,Commission,5,260.4
C1162,Milan Mehta,DB001,Amit Patel,12,Active,April,2026,30-04-2026,30,3,90,62,188.99,5580,5679.52,89.47,Bank Transfer,Partial,Commission,5,279
C1162,Milan Mehta,DB001,Amit Patel,12,Active,March,2026,31-03-2026,29,3,87,62,89.47,5394,5295.51,187.96,Bank Transfer,Pending,Commission,5,269.7
C1162,Milan Mehta,DB001,Amit Patel,12,Active,January,2026,27-01-2026,30,3,90,62,187.96,5580,5590.95,177.01,Bank Transfer,Partial,Commission,5,279
C1163,Paresh Desai,DB002,Rahul Parmar,13,Active,January,2026,27-01-2026,30,2.5,75,60,207.99,4500,4466.02,241.97,Cash,Pending,Fixed Salary,0,0
C1163,Paresh Desai,DB002,Rahul Parmar,13,Active,February,2026,27-02-2026,27,2.5,67.5,60,241.97,4050,4135.53,156.44,UPI,Pending,Fixed Salary,0,0
C1163,Paresh Desai,DB002,Rahul Parmar,13,Active,June,2026,27-06-2026,30,2.5,75,60,156.44,4500,4375.05,281.39,UPI,Pending,Fixed Salary,0,0
C1163,Paresh Desai,DB002,Rahul Parmar,13,Active,March,2026,25-03-2026,30,2.5,75,60,281.39,4500,,182.92,Bank Transfer,Pending,Fixed Salary,0,0
C1164,Naresh Joshi,DB003,Jignesh Solanki,14,Active,January,2026,26-01-2026,31,0.5,15.5,64,352.14,992,1230.96,113.18,UPI,Partial,Commission,4,39.68
C1164,Naresh Joshi,DB003,Jignesh Solanki,14,Active,March,2026,27-03-2026,29,0.5,14.5,64,113.18,928,820.16,221.02,UPI,Partial,Commission,4,37.12
C1164,Naresh Joshi,DB003,Jignesh Solanki,14,Active,May,2026,25-05-2026,29,0.5,14.5,64,221.02,928,1083.24,65.78,Cash,Pending,Commission,4,37.12
C1164,Naresh Joshi,DB003,Jignesh Solanki,14,Active,February,2026,25-02-2026,28,0.5,14,64,65.78,896,670.42,291.36,UPI,Partial,Commission,4,35.84
C1164,Naresh Joshi,DB003,Jignesh Solanki,14,Active,April,2026,30-04-2026,28,0.5,14,64,291.36,896,1057.15,130.21,UPI,Partial,Commission,4,35.84
C1164,Naresh Joshi,DB003,Jignesh Solanki,14,Active,June,2026,25-06-2026,29,0.5,14.5,64,130.21,928,800.63,257.58,Cash,Pending,Commission,4,37.12
C1165,Dilip Joshi,DB004,Hardik Chauhan,15,Active,January,2026,25-01-2026,29,2.5,72.5,60,15.93,4350,4354.23,11.7,Cash,Partial,Fixed Salary,0,0
C1165,Dilip Joshi,DB004,Hardik Chauhan,15,Active,February,2026,27-02-2026,27,2.5,67.5,60,11.7,4050,4013.09,48.61,UPI,Partial,Fixed Salary,0,0
C1166,Darshan Rathod,DB005,Mehul Joshi,16,Active,April,2026,26-04-2026,28,1.5,42,60,321.35,2520,2696.43,144.92,UPI,Partial,Commission,5,126
C1166,Darshan Rathod,DB005,Mehul Joshi,16,Active,June,2026,28-06-2026,28,1.5,42,60,144.92,2520,2397.07,267.85,Cash,Partial,Commission,5,126
C1166,Darshan Rathod,DB005,Mehul Joshi,16,Active,March,2026,29-03-2026,31,1.5,46.5,60,267.85,2790,2871.19,186.66,UPI,Pending,Commission,5,139.5
C1166,Darshan Rathod,DB005,Mehul Joshi,16,Active,February,2026,25-02-2026,28,1.5,42,60,186.66,2520,2702.52,4.14,Cash,Paid,Commission,5,126
C1167,Ankit Chauhan,DB006,Vishal Rabari,17,Active,May,2026,26-05-2026,29,3,87,62,368.85,5394,5613.82,149.03,Bank Transfer,Pending,Fixed Salary,0,0
C1167,Ankit Chauhan,DB006,Vishal Rabari,17,Active,June,2026,27-06-2026,30,3,90,62,149.03,5580,5535.19,193.84,Bank Transfer,Partial,Fixed Salary,0,0
C1168,Yash Shah,DB007,Karan Gohil,18,Active,April,2026,29-04-2026,29,2.5,72.5,60,214.48,4350,4507.22,57.26,UPI,Partial,Commission,6,261
C1168,Yash Shah,DB007,Karan Gohil,18,Active,May,2026,31-05-2026,31,2.5,77.5,60,57.26,4650,4609.37,97.89,Bank Transfer,Pending,Commission,6,279
C1168,Yash Shah,DB007,Karan Gohil,18,Active,February,2026,27-02-2026,28,2.5,70,60,97.89,4200,4196.84,101.05,Bank Transfer,Pending,Commission,6,252
C1168,Yash Shah,DB007,Karan Gohil,18,Active,June,2026,28-06-2026,28,2.5,70,60,101.05,4200,4153.44,147.61,UPI,PAID,Commission,6,252
C1169,Sanjay Chauhan,DB001,Amit Patel,19,Active,June,2026,28-06-2026,8,2,16,65,172.59,1040,1099.66,112.93,UPI,Pending,Commission,5,52
C1169,Sanjay Chauhan,DB001,Amit Patel,19,Active,January,2026,25-01-2026,13,2,26,65,112.93,1690,1778.52,24.41,Cash,Pending,Commission,5,84.5
C1169,Sanjay Chauhan,DB001,Amit Patel,19,Active,May,2026,26-05-2026,6,2,12,65,24.41,780,656.25,148.16,Bank Transfer,Pending,Commission,5,39
C1169,Sanjay Chauhan,DB001,Amit Patel,19,Active,March,2026,26-03-2026,7,2,14,65,148.16,910,861.86,196.3,Cash,Pending,Commission,5,45.5
C1169,Sanjay Chauhan,DB001,Amit Patel,19,Active,April,2026,28-04-2026,18,2,36,65,196.3,2340,2305.64,230.66,Bank Transfer,PAID,Commission,5,117
C1170,Kalpesh Thakkar,DB002,Rahul Parmar,20,Active,January,2026,27-01-2026,29,2,58,62,233.55,3596,3625.69,203.86,UPI,Partial,Fixed Salary,0,0
C1170,Kalpesh Thakkar,DB002,Rahul Parmar,20,Active,February,2026,25-02-2026,25,2,50,62,203.86,3100,3048.46,255.4,UPI,Pending,Fixed Salary,0,0
C1171,Mahesh Chauhan,DB003,Jignesh Solanki,21,,February,2026,27-02-2026,28,0.5,14,58,285.1,812,956.39,140.71,Bank Transfer,Partial,Commission,4,32.48
C1171,Mahesh Chauhan,DB003,Jignesh Solanki,21,Active,April,2026,26-04-2026,29,0.5,14.5,58,140.71,841,729.74,251.97,Bank Transfer,Partial,Commission,4,33.64
C1172,Milan Bhatti,DB004,Hardik Chauhan,22,Active,February,2026,26-02-2026,26,3,78,58,125.08,4524,4574.02,75.06,UPI,Partial,Fixed Salary,0,0
C1172,Milan Bhatti,DB004,Hardik Chauhan,22,Active,June,2026,29-06-2026,30,3,90,58,,5220,5204.48,90.58,UPI,Pending,Fixed Salary,0,0
C1172, Milan Bhatti ,DB004,Hardik Chauhan,22,Active,May,2026,25-05-2026,31,3,93,58,90.58,5394,5228.13,256.45,Cash,Partial,Fixed Salary,0,0
C1172,Milan Bhatti,DB004,Hardik Chauhan,22,Active,April,2026,30-04-2026,29,3,87,58,256.45,5046,5028.33,274.12,Cash,Partial,Fixed Salary,0,0
C1173,Mahesh Desai,DB005,Mehul Joshi,23,Active,February,2026,28-02-2026,22,2,44,64,379.1,2816,3073.56,121.54,UPI,Partial,Commission,5,140.8
C1173,Mahesh Desai,DB005,Mehul Joshi,23,Active,May,2026,25-05-2026,26,2,52,64,121.54,3328,3301.59,147.95,Cash,Pending,Commission,5,166.4
C1173,Mahesh Desai,DB005,Mehul Joshi,23,Active,January,2026,26-01-2026,27,2,54,64,147.95,3456,3454.7,149.25,Bank Transfer,Pending,Commission,5,172.8
C1173,Mahesh Desai,DB005,Mehul Joshi,23,Active,March,2026,25-03-2026,25,2,50,64,149.25,3200,3083.43,265.82,Cash,Pending,Commission,5,160
C1174,Vijay Rathod,DB006,Vishal Rabari,24,Stopped,May,2026,28-05-2026,30,2,60,60,381.75,3600,3920.38,61.37,UPI,paid,Fixed Salary,0,0
C1174,Vijay Rathod,DB006,Vishal Rabari,24,Stopped,June,2026,28-06-2026,30,2,60,60,61.37,3600,3550.53,110.84,Bank Transfer,Pending,Fixed Salary,0,0
C1174,Vijay Rathod,DB006,Vishal Rabari,24,Stopped,February,2026,27-02-2026,28,2,56,60,110.84,3360,3411.5,59.34,Bank Transfer,Partial,Fixed Salary,0,0
C1174,Vijay Rathod,DB006,Vishal Rabari,24,Stopped,April,2026,30-04-2026,28,2,56,60,59.34,3360,3237.9,181.44,Cash,Pending,Fixed Salary,0,0
C1174,Vijay Rathod,DB006,Vishal Rabari,24,Stopped,January,2026,28-01-2026,29,2,58,60,181.44,3480,3448.65,212.79,Bank Transfer,Partial,Fixed Salary,0,0
C1175,Dilip Rabari,DB007,Karan Gohil,25,Active,February,2026,25-02-2026,28,0.5,14,65,129.1,910,953.09,86.01,UPI,Partial,Commission,6,54.6
C1175,Dilip Rabari,DB007,Karan Gohil,25,Active,January,2026,27-01-2026,30,0.5,15,65,86.01,975,1046.24,14.77,Cash,Partial,Commission,6,58.5
C1176,Nikunj Parmar,DB001,Amit Patel,26,Active,May,2026,29-05-2026,29,3,87,65,78.66,5655,5703.16,30.5,UPI,Pending,Commission,5,282.75
C1176,Nikunj Parmar,DB001,Amit Patel,26,Active,February,2026,28-02-2026,28,3,84,65,30.5,5460,5335.83,154.67,Cash,Pending,Commission,5,273
C1176,Nikunj Parmar,DB001,Amit Patel,26,Active,January,2026,25-01-2026,31,3,93,65,154.67,6045,6191.6,8.07,Bank Transfer,Pending,Commission,5,302.25
C1176,Nikunj Parmar,DB001,Amit Patel,26,Active,March,2026,28-03-2026,31,3,93,65,8.07,6045,5785.35,267.72,Bank Transfer,Partial,Commission,5,302.25
C1176,Nikunj Parmar,DB001,Amit Patel,26,Active,April,2026,25-04-2026,29,3,87,65,267.72,5655,5661.47,261.25,UPI,Partial,Commission,5,282.75
C1176,Nikunj Parmar,DB001,Amit Patel,26,Active,June,2026,26-06-2026,29,3,87,65,261.25,5655,5729.26,186.99,Bank Transfer,Pending,Commission,5,282.75
C1177,Chirag Desai,DB002,Rahul Parmar,27,Active,March,2026,26-03-2026,29,2.5,72.5,62,355.51,4495,4805.01,45.5,UPI,Partial,Fixed Salary,0,0
C1177,Chirag Desai,DB002,Rahul Parmar,27,Active,May,2026,29-05-2026,30,2.5,75,62,45.5,4650,4544.66,150.84,Bank Transfer,Partial,Fixed Salary,0,0
C1177,Chirag Desai,DB002,Rahul Parmar,27,Active,February,2026,25-02-2026,27,2.5,67.5,62,150.84,4185,4212.03,123.81,Bank Transfer,Partial,Fixed Salary,0,0
C1177,Chirag Desai,DB002,Rahul Parmar,27,Active,January,2026,26-01-2026,29,2.5,72.5,62,123.81,4495,4492.01,126.8,UPI,Partial,Fixed Salary,0,0
C1178,Jatin Kansara,DB003,Jignesh Solanki,28,Active,April,2026,29-04-2026,27,1,27,62,309.16,1674,1685.39,297.77,UPI,Pending,Commission,4,66.96
C1178,Jatin Kansara,DB003,Jignesh Solanki,28,Active,June,2026,26-06-2026,23,1,23,62,297.77,1426,1446.68,277.09,Bank Transfer,Partial,Commission,4,57.04
C1178,Jatin Kansara,DB003,Jignesh Solanki,28,Active,March,2026,27-03-2026,23,1,23,62,277.09,1426,1625.15,77.94,Cash,Partial,Commission,4,57.04
C1178,Jatin Kansara,DB003,Jignesh Solanki,28,Active,February,2026,28-02-2026,25,1,25,62,77.94,1550,1604.29,23.65,Cash,Partial,Commission,4,62
C1178,Jatin Kansara,DB003,Jignesh Solanki,28,Active,January,2026,28-01-2026,24,1,24,62,23.65,1488,1305.81,205.84,UPI,Pending,Commission,4,59.52
C1178,Jatin Kansara,DB003,Jignesh Solanki,28,Active,May,2026,26-05-2026,25,1,25,62,205.84,1550,1476.39,279.45,UPI,Pending,Commission,4,62
C1179, Bharat Joshi ,DB004,Hardik Chauhan,29,Active,June,2026,29-06-2026,6,0.5,3,64,254.2,192,,100.6,UPI,Paid,Fixed Salary,0,0
C1179,Bharat Joshi,DB004,Hardik Chauhan,29,,January,2026,28-01-2026,17,0.5,8.5,64,100.6,544,594.17,50.43,Bank Transfer,Partial,Fixed Salary,0,0
C1179,Bharat Joshi,DB004,Hardik Chauhan,29,Active,March,2026,28-03-2026,13,0.5,6.5,64,50.43,416,268.06,198.37,UPI,Partial,Fixed Salary,0,0
C1180,Nikunj Patel,DB005,Mehul Joshi,30,Active,May,2026,26-05-2026,30,3,90,60,-40.89,5400,5258.62,100.49,Cash,Pending,Commission,5,270
C1180,Nikunj Patel,DB005,Mehul Joshi,30,,March,2026,25-03-2026,29,3,87,60,,5220,5200.26,120.23,Bank Transfer,Pending,Commission,5,261
C1181,Kalpesh Vekariya,DB006,Vishal Rabari,31,Active,April,2026,30-04-2026,30,0.5,15,58,394.83,870,1118.3,146.53,UPI,Partial,Fixed Salary,0,0
C1181,Kalpesh Vekariya,DB006,Vishal Rabari,31,Active,May,2026,25-05-2026,30,0.5,15,58,146.53,870,847.71,168.82,Cash,Pending,Fixed Salary,0,0
C1182,Dilip Solanki,DB007,Karan Gohil,32,Inactive,June,2026,30-06-2026,30,1,30,64,116.02,1920,1740.52,295.5,Bank Transfer,Partial,Commission,6,115.2
C1182,Dilip Solanki,DB007,Karan Gohil,32,Inactive,January,2026,25-01-2026,29,1,29,64,295.5,1856,2117.63,33.87,Cash,Partial,Commission,6,111.36
C1182,Dilip Solanki,DB007,Karan Gohil,32,Inactive,February,2026,27-02-2026,26,1,26,64,33.87,1664,1522.97,174.9,Bank Transfer,Pending,Commission,6,99.84
C1183,Chirag Rabari,DB001,Amit Patel,33,Active,April,2026,30-04-2026,26,2,52,62,2.31,3224,3008.48,217.83,UPI,Partial,Commission,5,161.2
C1183,Chirag Rabari,DB001,Amit Patel,33,Active,February,2026,28-02-2026,26,2,52,62,217.83,3224,3363.63,78.2,UPI,Partial,Commission,5,161.2
C1183,Chirag Rabari,DB001,Amit Patel,33,Active,January,2026,25-01-2026,23,2,46,62,78.2,2852,2728.75,201.45,UPI,Partial,Commission,5,142.6
C1183,Chirag Rabari,DB001,Amit Patel,33,Active,June,2026,30-06-2026,28,2,56,62,201.45,3472,3567.36,106.09,Cash,Pending,Commission,5,173.6
C1183,Chirag Rabari,DB001,Amit Patel,33,Active,March,2026,30-03-2026,29,2,58,62,106.09,3596,3534.38,167.71,Bank Transfer,Pending,Commission,5,179.8
C1184,Milan Patel,DB002,Rahul Parmar,34,Active,June,2026,30-06-2026,30,2.5,75,65,135.31,4875,4842.58,167.73,UPI,Pending,Fixed Salary,0,0
C1184,Milan Patel,DB002,Rahul Parmar,34,Active,March,2026,28-03-2026,31,2.5,77.5,65,167.73,5037.5,5166.62,38.61,UPI,Pending,Fixed Salary,0,0
C1184,Milan Patel,DB002,Rahul Parmar,34,Active,February,2026,27-02-2026,28,2.5,70,65,38.61,4550,4409.27,179.34,UPI,Pending,Fixed Salary,0,0
C1184,Milan Patel,DB002,Rahul Parmar,34,Active,April,2026,27-04-2026,28,2.5,70,65,179.34,4550,4498.33,231.01,Bank Transfer,Pending,Fixed Salary,0,0
C1184,Milan Patel,DB002,Rahul Parmar,34,Active,May,2026,29-05-2026,31,2.5,77.5,65,231.01,5037.5,5125.6,142.91,Bank Transfer,Pending,Fixed Salary,0,0
C1185,Vijay Soni,DB003,Jignesh Solanki,35,Active,June,2026,27-06-2026,30,3,90,64,-8.76,5760,5659.32,91.92,Cash,Partial,Commission,4,230.4
C1185,Vijay Soni,DB003,Jignesh Solanki,35,Active,February,2026,27-02-2026,28,3,84,64,91.92,5376,5271.67,196.25,UPI,Pending,Commission,4,215.04
C1185,Vijay Soni,DB003,Jignesh Solanki,35,Active,April,2026,29-04-2026,30,3,90,64,196.25,5760,5846.32,109.93,UPI,Pending,Commission,4,230.4
C1185,Vijay Soni,DB003,Jignesh Solanki,35,Active,May,2026,28-05-2026,29,3,87,64,109.93,5568,5575.4,102.53,Cash,Partial,Commission,4,222.72
C1186,Yash Vyas,DB004,Hardik Chauhan,36,Inactive,March,2026,28-03-2026,23,3,69,65,18.04,4485,4287.15,215.89,Bank Transfer,Partial,Fixed Salary,0,0
C1186,Yash Vyas,DB004,Hardik Chauhan,36,Inactive,June,2026,25-06-2026,22,3,66,65,215.89,4290,4395.11,110.78,Cash,Pending,Fixed Salary,0,0
C1186,Yash Vyas,DB004,Hardik Chauhan,36,Inactive,April,2026,28-04-2026,27,3,81,65,110.78,5265,5336.44,39.34,Cash,Pending,Fixed Salary,0,0
C1187,Mitesh Mehta,DB005,Mehul Joshi,37,Active,March,2026,31-03-2026,31,1.5,46.5,60,202.76,2790,2736.94,255.82,Cash,Partial,Commission,5,139.5
C1187,Mitesh Mehta,DB005,Mehul Joshi,37,Active,June,2026,26-06-2026,28,1.5,42,60,255.82,2520,2508.6,267.22,Cash,Pending,Commission,5,126
C1187,Mitesh Mehta,DB005,Mehul Joshi,37,Active,January,2026,25-01-2026,29,1.5,43.5,60,267.22,2610,2645.4,231.82,Cash,Partial,Commission,5,130.5
C1188,Jayesh Joshi,DB006,Vishal Rabari,38,Active,January,2026,25-01-2026,30,2.5,75,64,177.4,4800,4742.78,234.62,Bank Transfer,Pending,Fixed Salary,0,0
C1188, Jayesh Joshi ,DB006,Vishal Rabari,38,Active,April,2026,29-04-2026,29,2.5,72.5,64,234.62,4640,4774.73,99.89,Bank Transfer,Partial,Fixed Salary,0,0
C1188,Jayesh Joshi,DB006,Vishal Rabari,38,Active,May,2026,27-05-2026,31,2.5,77.5,64,99.89,4960,5003.36,56.53,UPI,Partial,Fixed Salary,0,0
C1188,Jayesh Joshi,DB006,Vishal Rabari,38,Active,June,2026,28-06-2026,28,2.5,70,64,56.53,4480,4476.47,60.06,UPI,Partial,Fixed Salary,0,0
C1189,Chirag Parmar,DB007,Karan Gohil,39,Active,June,2026,27-06-2026,28,1.5,42,65,164.4,2730,2830.56,63.84,,Pending,Commission,6,163.8
C1189,Chirag Parmar,DB007,Karan Gohil,39,Active,May,2026,28-05-2026,29,1.5,43.5,65,63.84,2827.5,2620.65,270.69,UPI,Pending,Commission,6,169.65
C1189,Chirag Parmar,DB007,Karan Gohil,39,Active,January,2026,27-01-2026,29,1.5,43.5,65,270.69,2827.5,2902.03,196.16,Cash,Partial,Commission,6,169.65
C1189,Chirag Parmar,DB007,Karan Gohil,39,Active,March,2026,29-03-2026,31,1.5,46.5,65,196.16,3022.5,3146.49,72.17,UPI,Partial,Commission,6,181.35
C1189,Chirag Parmar,DB007,Karan Gohil,39,Active,February,2026,28-02-2026,28,1.5,42,65,72.17,2730,2559.03,243.14,Cash,Pending,Commission,6,163.8
C1189,Chirag Parmar,DB007,Karan Gohil,39,Active,April,2026,28-04-2026,29,1.5,43.5,65,243.14,2827.5,2774.54,296.1,UPI,Pending,Commission,6,169.65
C1190,Hitesh Shah,DB001,Amit Patel,40,Active,April,2026,25-04-2026,24,1,24,65,313.19,1560,1734.63,138.56,UPI,Partial,Commission,5,78
C1190,Hitesh Shah,DB001,Amit Patel,40,Active,February,2026,25-02-2026,20,1,20,65,138.56,1300,1167.06,271.5,UPI,Pending,Commission,5,65
C1190,Hitesh Shah,DB001,Amit Patel,40,,January,2026,30-01-2026,26,1,26,65,271.5,1690,1838.4,123.1,Cash,Pending,Commission,5,84.5
C1190,Hitesh Shah,DB001,Amit Patel,40,Active,May,2026,25-05-2026,25,1,25,65,123.1,1625,1593.27,154.83,Bank Transfer,Partial,Commission,5,81.25
C1190,Hitesh Shah,DB001,Amit Patel,40,Active,March,2026,27-03-2026,27,1,27,65,154.83,1755,1751.46,158.37,UPI,Pending,Commission,5,87.75
C1190,Hitesh Shah,DB001,Amit Patel,40,Active,June,2026,27-06-2026,28,1,28,65,158.37,1820,1816.05,162.32,UPI,Pending,Commission,5,91
C1191,Hemant Makwana,DB002,Rahul Parmar,41,Active,May,2026,26-05-2026,29,2.5,72.5,65,0.68,4712.5,4603.37,109.81,Bank Transfer,Pending,Fixed Salary,0,0
C1191,Hemant Makwana,DB002,Rahul Parmar,41,Active,March,2026,26-03-2026,30,2.5,75,65,109.81,4875,4782.61,202.2,UPI,Pending,Fixed Salary,0,0
C1192,Mitesh Shah,DB003,Jignesh Solanki,42,Active,June,2026,,29,1,29,62,-60.91,1798,1615.32,121.77,UPI,Partial,Commission,4,71.92
C1192, Mitesh Shah ,DB003,Jignesh Solanki,42,Active,May,2026,25-05-2026,30,1,30,62,121.77,1860,1932.39,49.38,Cash,Partial,Commission,4,74.4
C1192,Mitesh Shah,DB003,Jignesh Solanki,42,Active,April,2026,30-04-2026,29,1,29,62,49.38,1798,1781.47,65.91,Cash,Pending,Commission,4,71.92
C1193,Tushar Bhatti,DB004,Hardik Chauhan,43,Active,June,2026,30-06-2026,27,2,54,65,147.87,3510,3602,55.87,Bank Transfer,Partial,Fixed Salary,0,0
C1193,Tushar Bhatti,DB004,Hardik Chauhan,43,Active,February,2026,27-02-2026,24,2,48,65,55.87,3120,2944.75,231.12,Bank Transfer,Pending,Fixed Salary,0,0
C1194,Jatin Joshi,DB005,Mehul Joshi,44,Active,March,2026,30-03-2026,31,3,93,60,189.12,5580,5708.78,60.34,Bank Transfer,Partial,Commission,5,279
C1194,Jatin Joshi,DB005,Mehul Joshi,44,Active,June,2026,27-06-2026,29,3,87,60,60.34,5220,5057.44,222.9,Cash,Partial,Commission,5,261
C1194,Jatin Joshi,DB005,Mehul Joshi,44,Active,May,2026,30-05-2026,30,3,90,60,222.9,5400,5488.36,134.54,UPI,Partial,Commission,5,270
C1195,Nikunj Thakkar,DB006,Vishal Rabari,45,Inactive,June,2026,25-06-2026,22,2.5,55,58,175.56,3190,3179.98,185.58,UPI,Pending,Fixed Salary,0,0
C1195,Nikunj Thakkar,DB006,Vishal Rabari,45,Inactive,February,2026,26-02-2026,26,2.5,65,58,185.58,3770,3707.76,247.82,Cash,Partial,Fixed Salary,0,0
C1195,Nikunj Thakkar,DB006,Vishal Rabari,45,Inactive,March,2026,29-03-2026,24,2.5,60,58,,3480,3633.61,94.21,Bank Transfer,Pending,Fixed Salary,0,0
C1195,Nikunj Thakkar,DB006,Vishal Rabari,45,Inactive,January,2026,25-01-2026,23,2.5,57.5,58,94.21,3335,3389.7,39.51,Cash,Partial,Fixed Salary,0,0
C1195,Nikunj Thakkar,DB006,Vishal Rabari,45,Inactive,April,2026,26-04-2026,22,2.5,55,58,39.51,3190,3042.26,187.25,UPI,Partial,Fixed Salary,0,0
C1195,Nikunj Thakkar,DB006,Vishal Rabari,45,Inactive,May,2026,30-05-2026,28,2.5,70,58,187.25,4060,4159.48,87.77,Cash,Pending,Fixed Salary,0,0
C1196,Mahesh Vyas,DB007,Karan Gohil,46,Active,January,2026,28-01-2026,28,2,56,60,383.9,3360,3578.25,165.65,Bank Transfer,Partial,Commission,6,201.6
C1196,Mahesh Vyas,DB007,Karan Gohil,46,Active,June,2026,26-06-2026,27,2,54,60,165.65,3240,3242.81,162.84,Cash,Pending,Commission,6,194.4
C1196,Mahesh Vyas,DB007,Karan Gohil,46,Active,March,2026,26-03-2026,24,2,48,60,162.84,2880,2958.49,84.35,Upi,Partial,Commission,6,172.8
C1196,Mahesh Vyas,DB007,Karan Gohil,46,Active,May,2026,25-05-2026,28,2,56,60,84.35,3360,3352.67,91.68,UPI,Partial,Commission,6,201.6
C1196,Mahesh Vyas,DB007,Karan Gohil,46,Active,February,2026,27-02-2026,21,2,42,60,91.68,2520,2479.74,131.94,Cash,Pending,Commission,6,151.2
C1196,Mahesh Vyas,DB007,Karan Gohil,46,Active,April,2026,28-04-2026,26,2,52,60,131.94,3120,3106.52,145.42,Bank Transfer,Pending,Commission,6,187.2
C1197, Mukesh Patel ,DB001,Amit Patel,47,Active,February,2026,26-02-2026,23,2,46,62,211.89,2852,2772.72,291.17,UPI,Partial,Commission,5,142.6
C1197, Mukesh Patel ,DB001,Amit Patel,47,Active,May,2026,27-05-2026,25,2,50,62,291.17,3100,3219.84,171.33,UPI,Pending,Commission,5,155
C1197,Mukesh Patel,DB001,Amit Patel,47,Active,June,2026,28-06-2026,24,2,48,62,171.33,2976,2956.65,190.68,Cash,Pending,Commission,5,148.8
C1197,Mukesh Patel,DB001,Amit Patel,47,Active,April,2026,28-04-2026,26,2,52,62,190.68,3224,3241.09,173.59,UPI,Pending,Commission,5,161.2
C1197,Mukesh Patel,DB001,Amit Patel,47,Active,January,2026,27-01-2026,29,2,58,62,173.59,3596,3769.02,0.57,Cash,Paid,Commission,5,179.8
C1198,Mahesh Rathod,DB002,Rahul Parmar,48,Active,June,2026,28-06-2026,30,2.5,75,60,,4500,4400.99,258.83,Bank Transfer,Pending,Fixed Salary,0,0
C1198,Mahesh Rathod,DB002,Rahul Parmar,48,Active,February,2026,26-02-2026,27,2.5,67.5,60,258.83,4050,4058.5,250.33,Bank Transfer,Pending,Fixed Salary,0,0
C1198,Mahesh Rathod,DB002,Rahul Parmar,48,Active,March,2026,27-03-2026,29,2.5,72.5,60,250.33,4350,4553.49,46.84,UPI,Partial,Fixed Salary,0,0
C1199, Rajesh Mehta ,DB003,Jignesh Solanki,49,Active,February,2026,26-02-2026,28,2,56,64,-95.13,3584,3337.76,151.11,UPI,Partial,Commission,4,143.36
C1199,Rajesh Mehta,DB003,Jignesh Solanki,49,Active,June,2026,29-06-2026,,2,58,64,151.11,3712,3851.62,11.49,Bank Transfer,Partial,Commission,4,148.48
C1199,Rajesh Mehta,DB003,Jignesh Solanki,49,Active,April,2026,29-04-2026,29,2,58,64,11.49,3712,3658.2,65.29,Cash,Partial,Commission,4,148.48
C1199,Rajesh Mehta,DB003,Jignesh Solanki,49,Active,March,2026,28-03-2026,29,2,58,64,65.29,3712,3582.82,194.47,Cash,Partial,Commission,4,148.48
C1199,Rajesh Mehta,DB003,Jignesh Solanki,49,Active,January,2026,26-01-2026,29,2,58,64,194.47,3712,3612.2,294.27,UPI,Pending,Commission,4,148.48
C1199,Rajesh Mehta,DB003,Jignesh Solanki,49,Active,May,2026,25-05-2026,30,2,60,64,294.27,3840,3969.07,165.2,Bank Transfer,Partial,Commission,4,153.6
C1200,Krunal Rabari,DB004,Hardik Chauhan,50,Active,January,2026,26-01-2026,30,1,30,58,-103.76,1740,1636.19,0.05,Cash,Paid,Fixed Salary,0,0
C1200,Krunal Rabari,DB004,Hardik Chauhan,50,Active,March,2026,25-03-2026,30,1,30,58,0.05,1740,1667.26,72.79,Bank Transfer,Pending,Fixed Salary,0,0
C1200,Krunal Rabari,DB004,Hardik Chauhan,50,Active,April,2026,30-04-2026,28,1,28,58,72.79,1624,1437.78,259.01,UPI,Pending,Fixed Salary,0,0
C1200,Krunal Rabari,DB004,Hardik Chauhan,50,Active,June,2026,26-06-2026,28,1,28,58,259.01,1624,,135.67,Cash,Partial,Fixed Salary,0,0
C1201,Darshan Prajapati,DB005,Mehul Joshi,1,Active,April,2026,27-04-2026,27,1.5,40.5,58,76.46,2349,2294.33,131.13,Bank Transfer,Pending,Commission,5,117.45
C1201,Darshan Prajapati,DB005,Mehul Joshi,1,Active,February,2026,25-02-2026,21,1.5,31.5,58,131.13,1827,1709.74,248.39,Cash,Partial,Commission,5,91.35
C1201,Darshan Prajapati,DB005,Mehul Joshi,1,Active,March,2026,,27,1.5,40.5,58,248.39,2349,2532.68,64.71,Bank Transfer,Partial,Commission,5,117.45
C1201,Darshan Prajapati,DB005,Mehul Joshi,1,Active,May,2026,28-05-2026,27,1.5,40.5,58,64.71,2349,2154.29,259.42,UPI,Pending,Commission,5,117.45
C1201,Darshan Prajapati,DB005,Mehul Joshi,1,Active,January,2026,28-01-2026,23,1.5,34.5,58,259.42,2001,2256.43,3.99,Bank Transfer,Paid,Commission,5,100.05
C1201,Darshan Prajapati,DB005,Mehul Joshi,1,Active,June,2026,26-06-2026,27,1.5,40.5,58,3.99,2349,2305.65,47.34,UPI,Pending,Commission,5,117.45
C1202,Piyush Desai,DB006,Vishal Rabari,2,Active,June,2026,30-06-2026,27,3,81,64,363.4,5184,5458.52,88.88,Cash,Pending,Fixed Salary,0,0
C1202,Piyush Desai,DB006,Vishal Rabari,2,Active,April,2026,25-04-2026,24,3,72,64,88.88,4608,4540.92,155.96,UPI,Pending,Fixed Salary,0,0
C1202,Piyush Desai,DB006,Vishal Rabari,2,Active,January,2026,25-01-2026,24,3,72,64,155.96,4608,4749.4,14.56,UPI,Pending,Fixed Salary,0,0
C1203,Jatin Makwana,DB007,Karan Gohil,3,Active,June,2026,30-06-2026,24,2.5,60,62,-60.69,3720,3651.76,7.55,Bank Transfer,Pending,Commission,6,223.2
C1203,Jatin Makwana,DB007,Karan Gohil,3,Active,January,2026,25-01-2026,24,2.5,60,62,7.55,3720,3542.7,184.85,Bank Transfer,Pending,Commission,6,223.2
C1204,Ketan Mehta,DB001,Amit Patel,4,Active,April,2026,30-04-2026,29,1.5,43.5,64,94.16,2784,2587.52,290.64,Cash,Pending,Commission,5,139.2
C1204,Ketan Mehta,DB001,Amit Patel,4,Active,February,2026,25-02-2026,28,1.5,42,64,290.64,2688,2728.87,249.77,Cash,Pending,Commission,5,134.4
C1205,Pravin Desai,DB002,Rahul Parmar,5,Active,April,2026,27-04-2026,26,1.5,39,64,-38.33,2496,2301.9,155.77,Cash,Partial,Fixed Salary,0,0
C1205,Pravin Desai,DB002,Rahul Parmar,5,Active,May,2026,28-05-2026,29,1.5,43.5,64,155.77,2784,2868.35,71.42,Bank Transfer,Partial,Fixed Salary,0,0
C1205,Pravin Desai,DB002,Rahul Parmar,5,Active,March,2026,29-03-2026,23,1.5,34.5,64,71.42,2208,2269.26,10.16,Cash,Pending,Fixed Salary,0,0
C1205,Pravin Desai,DB002,Rahul Parmar,5,Active,February,2026,25-02-2026,23,1.5,34.5,64,10.16,2208,2005.06,213.1,UPI,Partial,Fixed Salary,0,0
C1205,Pravin Desai,DB002,Rahul Parmar,5,Active,January,2026,31-01-2026,26,1.5,39,64,213.1,2496,,90.46,Bank Transfer,Partial,Fixed Salary,0,0
C1206,Sanjay Parmar,DB003,Jignesh Solanki,6,Active,February,2026,27-02-2026,26,2,52,60,-135.1,3120,2898.01,86.89,Cash,Pending,Commission,4,124.8
C1206,Sanjay Parmar,DB003,Jignesh Solanki,6,Active,January,2026,29-01-2026,31,2,62,60,86.89,3720,3734.6,72.29,UPI,Partial,Commission,4,148.8
C1206,Sanjay Parmar,DB003,Jignesh Solanki,6,Active,May,2026,31-05-2026,31,2,62,60,72.29,3720,3669.82,122.47,Bank Transfer,Partial,Commission,4,148.8
C1206,Sanjay Parmar,DB003,Jignesh Solanki,6,Active,March,2026,29-03-2026,29,2,58,60,122.47,3480,3572.34,30.13,UPI,Partial,Commission,4,139.2
C1206,Sanjay Parmar,DB003,Jignesh Solanki,6,Active,April,2026,27-04-2026,30,2,60,60,30.13,3600,3371.36,258.77,Bank Transfer,Pending,Commission,4,144
C1206,Sanjay Parmar,DB003,Jignesh Solanki,6,Active,June,2026,28-06-2026,28,2,56,60,258.77,3360,3446.44,172.33,UPI,Pending,Commission,4,134.4
C1207,Nilesh Vyas,DB004,Hardik Chauhan,7,Active,January,2026,27-01-2026,30,2.5,75,62,203.37,4650,4751.24,102.13,Cash,Partial,Fixed Salary,0,0
C1207,Nilesh Vyas,DB004,Hardik Chauhan,7,Active,May,2026,27-05-2026,31,2.5,77.5,62,102.13,4805,4657.38,249.75,Cash,Pending,Fixed Salary,0,0
C1208,Darshan Joshi,DB005,Mehul Joshi,8,Active,April,2026,29-04-2026,30,1.5,45,65,179.07,2925,2863.59,240.48,UPI,Partial,Commission,5,146.25
C1208,Darshan Joshi,DB005,Mehul Joshi,8,Active,June,2026,27-06-2026,28,1.5,42,65,240.48,2730,2946.62,23.86,Bank Transfer,Partial,Commission,5,136.5
C1208,Darshan Joshi,DB005,Mehul Joshi,8,Active,March,2026,28-03-2026,30,1.5,45,65,23.86,2925,2741.91,206.95,Upi,Pending,Commission,5,146.25
C1209,Bharat Solanki,DB006,Vishal Rabari,9,Active,June,2026,27-06-2026,25,1.5,37.5,58,-92.53,2175,1965.16,117.31,Cash,Partial,Fixed Salary,0,0
C1209,Bharat Solanki,DB006,Vishal Rabari,9,Active,May,2026,28-05-2026,28,1.5,42,58,117.31,2436,2344.45,208.86,Bank Transfer,Pending,Fixed Salary,0,0
C1209,Bharat Solanki,DB006,Vishal Rabari,9,Active,April,2026,26-04-2026,27,1.5,40.5,58,208.86,2349,2387,170.86,Bank Transfer,Pending,Fixed Salary,0,0
C1209,Bharat Solanki,DB006,Vishal Rabari,9,Active,January,2026,29-01-2026,,1.5,39,58,170.86,2262,2148.03,284.83,Bank Transfer,Pending,Fixed Salary,0,0
C1209,Bharat Solanki,DB006,Vishal Rabari,9,Active,March,2026,30-03-2026,26,1.5,39,58,284.83,2262,2535.84,10.99,UPI,Paid,Fixed Salary,0,0
C1210,Deepak Rathod,DB007,Karan Gohil,10,Active,April,2026,26-04-2026,26,1,26,65,333.62,1690,1913.08,110.54,UPI,Partial,Commission,6,101.4
C1210,Deepak Rathod,DB007,Karan Gohil,10,Active,June,2026,28-06-2026,22,1,22,65,110.54,1430,1493.84,46.7,Bank Transfer,Partial,Commission,6,85.8
C1210,Deepak Rathod,DB007,Karan Gohil,10,Active,March,2026,26-03-2026,25,1,25,65,46.7,1625,1412.25,259.45,Bank Transfer,Partial,Commission,6,97.5
C1210,Deepak Rathod,DB007,Karan Gohil,10,Active,February,2026,27-02-2026,25,1,25,65,259.45,1625,1719.18,165.27,Cash,Pending,Commission,6,97.5
C1211,Tushar Vekariya,DB001,Amit Patel,11,Active,April,2026,25-04-2026,19,2,38,60,372.04,2280,2393.58,258.46,Cash,Partial,Commission,5,114
C1211,Tushar Vekariya,DB001,Amit Patel,11,Active,June,2026,29-06-2026,12,2,24,60,258.46,1440,1577.51,120.95,UPI,Partial,Commission,5,72
C1211,Tushar Vekariya,DB001,Amit Patel,11,Active,January,2026,26-01-2026,8,2,16,60,120.95,960,942.35,138.6,Cash,Partial,Commission,5,48
C1212,Harshad Makwana,DB002,Rahul Parmar,12,Active,May,2026,29-05-2026,31,0.5,15.5,60,394.2,930,1110.9,213.3,Bank Transfer,Pending,Fixed Salary,0,0
C1212,Harshad Makwana,DB002,Rahul Parmar,12,Active,January,2026,27-01-2026,29,0.5,14.5,60,213.3,870,839.44,243.86,UPI,PAID,Fixed Salary,0,0
C1213,Mukesh Bhatti,DB003,Jignesh Solanki,13,Active,May,2026,29-05-2026,31,1,31,60,391.08,1860,2046.21,204.87,UPI,Pending,Commission,4,74.4
C1213,Mukesh Bhatti,DB003,Jignesh Solanki,13,Active,April,2026,30-04-2026,28,1,28,60,204.87,1680,1873.43,11.44,Cash,Pending,Commission,4,67.2
C1213,Mukesh Bhatti,DB003,Jignesh Solanki,13,Active,February,2026,28-02-2026,27,1,27,60,11.44,1620,1350.24,281.2,Bank Transfer,Pending,Commission,4,64.8
C1213,Mukesh Bhatti,DB003,Jignesh Solanki,13,Active,June,2026,25-06-2026,29,1,29,60,281.2,1740,1881.07,140.13,Bank Transfer,Pending,Commission,4,69.6
C1214,Hitesh Joshi,DB004,Hardik Chauhan,14,Active,February,2026,28-02-2026,27,0.5,13.5,60,226.03,810,835.79,200.24,UPI,Pending,Fixed Salary,0,0
C1214,Hitesh Joshi,DB004,Hardik Chauhan,14,Active,June,2026,25-06-2026,29,0.5,14.5,60,200.24,870,832.31,237.93,Bank Transfer,Partial,Fixed Salary,0,0
C1214,Hitesh Joshi,DB004,Hardik Chauhan,14,Active,May,2026,25-05-2026,29,0.5,14.5,60,237.93,870,974.12,133.81,UPI,Pending,Fixed Salary,0,0
C1215,Ramesh Vyas,DB005,Mehul Joshi,15,Active,February,2026,28-02-2026,26,3,78,64,374.88,4992,5265.07,101.81,Bank Transfer,Pending,Commission,5,249.6
C1215,Ramesh Vyas,DB005,Mehul Joshi,15,Active,June,2026,27-06-2026,29,3,87,64,101.81,5568,5652.63,17.18,Bank Transfer,Partial,Commission,5,278.4
C1215,Ramesh Vyas,DB005,Mehul Joshi,15,Active,January,2026,26-01-2026,29,3,87,64,17.18,5568,5403.14,182.04,Cash,Partial,Commission,5,278.4
C1215,Ramesh Vyas,DB005,Mehul Joshi,15,Active,March,2026,31-03-2026,30,3,90,64,182.04,5760,5646.02,296.02,UPI,Partial,Commission,5,288
C1215,Ramesh Vyas,DB005,Mehul Joshi,15,Active,May,2026,27-05-2026,29,3,87,64,296.02,5568,5608.05,255.97,Cash,Pending,Commission,5,278.4
C1216,Manish Chauhan,DB006,Vishal Rabari,16,Active,June,2026,28-06-2026,29,2,58,65,-143.11,3770,3464.2,162.69,Cash,Partial,Fixed Salary,0,0
C1216,Manish Chauhan,DB006,Vishal Rabari,16,Active,March,2026,30-03-2026,29,2,58,65,162.69,3770,3811.37,121.32,UPI,Pending,Fixed Salary,0,0
C1216,Manish Chauhan,DB006,Vishal Rabari,16,Active,April,2026,25-04-2026,29,2,58,65,121.32,3770,3651.21,240.11,Bank Transfer,Partial,Fixed Salary,0,0
C1216,Manish Chauhan,DB006,Vishal Rabari,16,Active,May,2026,29-05-2026,31,2,62,65,240.11,4030,4090.37,179.74,Cash,Partial,Fixed Salary,0,0
C1216,Manish Chauhan,DB006,Vishal Rabari,16,Active,January,2026,31-01-2026,30,2,60,65,179.74,3900,3880.23,199.51,Cash,Partial,Fixed Salary,0,0
C1217,Ajay Mehta,DB007,Karan Gohil,17,Active,June,2026,29-06-2026,29,1.5,43.5,60,58.39,2610,2505.48,162.91,Bank Transfer,Pending,Commission,6,156.6
C1217,Ajay Mehta,DB007,Karan Gohil,17,Active,May,2026,29-05-2026,31,1.5,46.5,60,162.91,2790,2944.17,8.74,Cash,Partial,Commission,6,167.4
C1217,Ajay Mehta,DB007,Karan Gohil,17,Active,January,2026,30-01-2026,31,1.5,46.5,60,8.74,2790,2655.34,143.4,Bank Transfer,Partial,Commission,6,167.4
C1217,Ajay Mehta,DB007,Karan Gohil,17,Active,February,2026,27-02-2026,27,1.5,40.5,60,143.4,2430,2289.32,284.08,UPI,Partial,Commission,6,145.8
C1218,Mukesh Makwana,DB001,Amit Patel,18,Active,February,2026,26-02-2026,28,1,28,58,206.5,1624,1615.1,215.4,Bank Transfer,Pending,Commission,5,81.2
C1218,Mukesh Makwana,DB001,Amit Patel,18,Active,April,2026,27-04-2026,28,1,28,58,215.4,1624,,74.16,Bank Transfer,Pending,Commission,5,81.2
C1218,Mukesh Makwana,DB001,Amit Patel,18,Active,June,2026,27-06-2026,28,1,28,58,74.16,1624,1457.14,241.02,UPI,Pending,Commission,5,81.2
C1218,Mukesh Makwana,DB001,Amit Patel,18,Active,March,2026,25-03-2026,29,1,29,58,241.02,1682,1764.66,158.36,Cash,Partial,Commission,5,84.1
C1219,Ketan Thakkar,DB002,Rahul Parmar,19,Active,March,2026,29-03-2026,23,2,46,58,224.87,2668,2846.13,46.74,UPI,Pending,Fixed Salary,0,0
C1219,Ketan Thakkar,DB002,Rahul Parmar,19,Active,June,2026,29-06-2026,27,2,54,58,46.74,3132,3166.61,12.13,UPI,Pending,Fixed Salary,0,0
C1220,Hitesh Patel,DB003,Jignesh Solanki,20,Active,February,2026,27-02-2026,26,0.5,13,64,366.76,832,929.26,269.5,UPI,Pending,Commission,4,33.28
C1220,Hitesh Patel,DB003,Jignesh Solanki,20,Active,January,2026,30-01-2026,,0.5,14.5,64,269.5,928,921.21,276.29,Cash,Pending,Commission,4,37.12
C1220,Hitesh Patel,DB003,Jignesh Solanki,20,Active,May,2026,27-05-2026,29,0.5,14.5,64,276.29,928,949.64,254.65,Bank Transfer,Pending,Commission,4,37.12
C1220,Hitesh Patel,DB003,Jignesh Solanki,20,Active,June,2026,29-06-2026,29,0.5,14.5,64,254.65,928,1001.2,181.45,UPI,Partial,Commission,4,37.12
C1221,Vijay Desai,DB004,Hardik Chauhan,21,Active,February,2026,25-02-2026,26,1,26,60,-138.81,1560,1419.3,1.89,Cash,Paid,Fixed Salary,0,0
C1221,Vijay Desai,DB004,Hardik Chauhan,21,Active,March,2026,31-03-2026,28,1,28,60,1.89,1680,1597.34,84.55,Bank Transfer,Pending,Fixed Salary,0,0
C1222,Kalpesh Prajapati,DB005,Mehul Joshi,22,Active,February,2026,25-02-2026,26,2,52,60,41.95,3120,3134.55,27.4,Bank Transfer,Pending,Commission,5,156
C1222,Kalpesh Prajapati,DB005,Mehul Joshi,22,,June,2026,28-06-2026,28,2,56,60,27.4,3360,3313.34,74.06,Bank Transfer,Partial,Commission,5,168
C1222,Kalpesh Prajapati,DB005,Mehul Joshi,22,Active,January,2026,27-01-2026,31,2,62,60,74.06,3720,3659.18,134.88,UPI,Pending,Commission,5,186
C1223,Nikunj Rathod,DB006,Vishal Rabari,23,Active,March,2026,28-03-2026,,2,50,65,281.41,3250,3443.82,87.59,UPI,Partial,Fixed Salary,0,0
C1223,Nikunj Rathod,DB006,Vishal Rabari,23,Active,February,2026,27-02-2026,22,2,44,65,87.59,2860,2814.29,133.3,,Pending,Fixed Salary,0,0
C1223,Nikunj Rathod,DB006,Vishal Rabari,23,Active,April,2026,28-04-2026,25,2,50,65,133.3,3250,3196.55,186.75,UPI,Partial,Fixed Salary,0,0
C1223,Nikunj Rathod,DB006,Vishal Rabari,23,Active,January,2026,28-01-2026,23,2,46,65,186.75,2990,3006.7,170.05,Cash,Pending,Fixed Salary,0,0
C1223,Nikunj Rathod,DB006,Vishal Rabari,23,Active,May,2026,29-05-2026,25,2,50,65,170.05,3250,3301.53,118.52,UPI,Partial,Fixed Salary,0,0
C1223,Nikunj Rathod,DB006,Vishal Rabari,23,Active,June,2026,28-06-2026,25,2,50,65,118.52,3250,3311.27,57.25,UPI,Pending,Fixed Salary,0,0
C1224,Jatin Patel,DB007,Karan Gohil,24,Active,April,2026,27-04-2026,24,2,48,62,156.4,2976,3009.35,123.05,UPI,Pending,Commission,6,178.56
C1224,Jatin Patel,DB007,Karan Gohil,24,Active,February,2026,26-02-2026,23,2,46,62,123.05,2852,2725.91,249.14,,Pending,Commission,6,171.12
C1225,Kalpesh Gohil,DB001,Amit Patel,25,Active,March,2026,31-03-2026,30,3,90,62,-141.28,5580,5326.45,112.27,UPI,Pending,Commission,5,279
C1225,Kalpesh Gohil,DB001,Amit Patel,25,Active,May,2026,30-05-2026,29,3,87,62,112.27,5394,5365.74,140.53,Cash,Partial,Commission,5,269.7
C1226,Ankit Kansara,DB002,Rahul Parmar,26,Active,April,2026,30-04-2026,26,0.5,13,58,395.76,754,951.16,198.6,Bank Transfer,Pending,Fixed Salary,0,0
C1226,Ankit Kansara,DB002,Rahul Parmar,26,Active,February,2026,25-02-2026,23,0.5,11.5,58,198.6,667,755.93,109.67,UPI,Partial,Fixed Salary,0,0
C1226,Ankit Kansara,DB002,Rahul Parmar,26,Active,June,2026,28-06-2026,24,0.5,12,58,109.67,696,650.02,155.65,Bank Transfer,Pending,Fixed Salary,0,0
C1226,Ankit Kansara,DB002,Rahul Parmar,26,Active,May,2026,26-05-2026,28,0.5,14,58,155.65,812,862.35,105.3,Cash,Partial,Fixed Salary,0,0
C1227,Mukesh Desai,DB003,Jignesh Solanki,27,Inactive,April,2026,30-04-2026,29,2.5,72.5,65,84.21,4712.5,4785.56,11.15,Cash,Paid,Commission,4,188.5
C1227,Mukesh Desai,DB003,Jignesh Solanki,27,Inactive,March,2026,,29,2.5,72.5,65,11.15,4712.5,4479.69,243.96,upi,Pending,Commission,4,188.5
C1227,Mukesh Desai,DB003,Jignesh Solanki,27,Inactive,June,2026,27-06-2026,28,2.5,70,65,243.96,4550,4527.19,266.77,UPI,Pending,Commission,4,182
C1227,Mukesh Desai,DB003,Jignesh Solanki,27,Inactive,May,2026,25-05-2026,30,2.5,75,65,266.77,4875,4871.7,270.07,upi,Partial,Commission,4,195
C1228,Mahesh Makwana,DB004,Hardik Chauhan,28,Active,May,2026,26-05-2026,29,3,87,60,-99.18,5220,5078.33,42.49,Cash,Pending,Fixed Salary,0,0
C1228,Mahesh Makwana,DB004,Hardik Chauhan,28,Active,March,2026,25-03-2026,29,3,87,60,42.49,5220,5249.34,13.15,Cash,Pending,Fixed Salary,0,0
C1228,Mahesh Makwana,DB004,Hardik Chauhan,28,Active,June,2026,27-06-2026,30,3,90,60,13.15,5400,5292.24,120.91,Bank Transfer,Pending,Fixed Salary,0,0
C1229,Deepak Chauhan,DB005,Mehul Joshi,29,Active,June,2026,30-06-2026,30,1.5,45,60,-50.21,2700,2630.25,19.54,Cash,Pending,Commission,5,135
C1229,Deepak Chauhan,DB005,Mehul Joshi,29,Active,March,2026,29-03-2026,30,1.5,45,60,19.54,2700,2559.8,159.74,Bank Transfer,Partial,Commission,5,135
C1229,Deepak Chauhan,DB005,Mehul Joshi,29,Active,February,2026,25-02-2026,27,1.5,40.5,60,159.74,2430,2474.58,115.16,Bank Transfer,Pending,Commission,5,121.5
C1229,Deepak Chauhan,DB005,Mehul Joshi,29,Active,May,2026,27-05-2026,29,1.5,43.5,60,115.16,2610,2591.77,133.39,Cash,Pending,Commission,5,130.5
C1229,Deepak Chauhan,DB005,Mehul Joshi,29,Active,April,2026,27-04-2026,29,1.5,43.5,60,133.39,2610,2673.7,69.69,Bank Transfer,Partial,Commission,5,130.5
C1230,Naresh Gohil,DB006,Vishal Rabari,30,Active,January,2026,26-01-2026,28,2.5,70,62,165.17,4340,4274.21,230.96,Cash,Pending,Fixed Salary,0,0
C1230,Naresh Gohil,DB006,Vishal Rabari,30,Active,June,2026,28-06-2026,25,2.5,62.5,62,230.96,3875,3870.74,235.22,Bank Transfer,Partial,Fixed Salary,0,0
C1230,Naresh Gohil,DB006,Vishal Rabari,30,Active,May,2026,28-05-2026,23,2.5,57.5,62,235.22,3565,3659.35,140.87,UPI,Pending,Fixed Salary,0,0
C1230,Naresh Gohil,DB006,Vishal Rabari,30,Active,March,2026,27-03-2026,29,2.5,72.5,62,140.87,4495,4635.71,0.16,Cash,Paid,Fixed Salary,0,0
C1230,Naresh Gohil,DB006,Vishal Rabari,30,Active,February,2026,26-02-2026,25,2.5,62.5,62,0.16,3875,3668.67,206.49,UPI,Pending,Fixed Salary,0,0
C1231,Dharmesh Parmar,DB007,Karan Gohil,31,Active,April,2026,29-04-2026,29,2.5,72.5,64,349.32,4640,4884.78,104.54,Bank Transfer,Partial,Commission,6,278.4
C1231,Dharmesh Parmar,DB007,Karan Gohil,31,Active,March,2026,25-03-2026,29,2.5,72.5,64,104.54,4640,4692.65,51.89,Bank Transfer,Pending,Commission,6,278.4
C1231,Dharmesh Parmar,DB007,Karan Gohil,31,Active,January,2026,27-01-2026,30,2.5,75,64,51.89,4800,4626.52,225.37,UPI,Partial,Commission,6,288
C1231,Dharmesh Parmar,DB007,Karan Gohil,31,Active,June,2026,30-06-2026,29,2.5,72.5,64,225.37,4640,4637.34,228.03,Cash,Pending,Commission,6,278.4
C1232,Mahesh Kansara,DB001,Amit Patel,32,Active,March,2026,27-03-2026,24,3,72,62,356.37,4464,4724.06,96.31,UPI,Pending,Commission,5,223.2
C1232,Mahesh Kansara,DB001,Amit Patel,32,Active,January,2026,27-01-2026,25,3,75,62,96.31,4650,4739.14,7.17,UPI,Pending,Commission,5,232.5
C1232,Mahesh Kansara,DB001,Amit Patel,32,Active,February,2026,26-02-2026,20,3,60,62,7.17,3720,3573.31,153.86,Cash,Partial,Commission,5,186
C1232,Mahesh Kansara,DB001,Amit Patel,32,Active,April,2026,25-04-2026,24,3,72,62,153.86,4464,4582.85,35.01,Cash,Pending,Commission,5,223.2
C1233,Mahesh Parmar,DB002,Rahul Parmar,33,Active,March,2026,28-03-2026,31,1.5,46.5,64,358.5,2976,3097.12,237.38,Bank Transfer,Partial,Fixed Salary,0,0
C1233,Mahesh Parmar,DB002,Rahul Parmar,33,Active,June,2026,27-06-2026,29,1.5,43.5,64,237.38,2784,2922.51,98.87,UPI,Partial,Fixed Salary,0,0
C1233,Mahesh Parmar,DB002,Rahul Parmar,33,Active,January,2026,26-01-2026,31,1.5,46.5,64,98.87,2976,2867.95,206.92,UPI,Partial,Fixed Salary,0,0
C1233,Mahesh Parmar,DB002,Rahul Parmar,33,Active,February,2026,26-02-2026,26,1.5,39,64,206.92,2496,2643.81,59.11,Bank Transfer,Partial,Fixed Salary,0,0
C1233,Mahesh Parmar,DB002,Rahul Parmar,33,Active,May,2026,31-05-2026,31,1.5,46.5,64,59.11,2976,2830.89,204.22,Cash,Pending,Fixed Salary,0,0
C1234,Pravin Thakkar,DB003,Jignesh Solanki,34,Active,April,2026,26-04-2026,22,1,22,58,-23.16,1276,1170.6,82.24,UPI,Pending,Commission,4,51.04
C1234,Pravin Thakkar,DB003,Jignesh Solanki,34,Active,February,2026,26-02-2026,24,1,24,58,82.24,1392,1315.77,158.47,upi,Paid,Commission,4,55.68
C1234,Pravin Thakkar,DB003,Jignesh Solanki,34,Active,January,2026,29-01-2026,29,1,29,58,158.47,1682,1727.66,112.81,Cash,Partial,Commission,4,67.28
C1234,Pravin Thakkar,DB003,Jignesh Solanki,34,Active,March,2026,27-03-2026,29,1,29,58,112.81,1682,1694.5,100.31,UPI,Pending,Commission,4,67.28
C1234,Pravin Thakkar,DB003,Jignesh Solanki,34,Active,May,2026,28-05-2026,29,1,29,58,100.31,1682,1662.92,119.39,Cash,Partial,Commission,4,67.28
C1234,Pravin Thakkar,DB003,Jignesh Solanki,34,Active,June,2026,30-06-2026,25,1,25,58,119.39,1450,1509.3,60.09,Bank Transfer,Partial,Commission,4,58
C1235,Krunal Soni,DB004,Hardik Chauhan,35,Active,January,2026,31-01-2026,25,2.5,62.5,60,35.36,3750,3579.96,205.4,,Partial,Fixed Salary,0,0
C1235,Krunal Soni,DB004,Hardik Chauhan,35,Active,February,2026,28-02-2026,24,2.5,60,60,205.4,3600,3792.39,13.01,Bank Transfer,Pending,Fixed Salary,0,0
C1235,Krunal Soni,DB004,Hardik Chauhan,35,Active,March,2026,31-03-2026,26,2.5,65,60,13.01,3900,,81.05,Cash,Pending,Fixed Salary,0,0
C1236,Bharat Patel,DB005,Mehul Joshi,36,Active,June,2026,29-06-2026,30,1,30,58,-106.45,1740,1349.52,284.03,Bank Transfer,Partial,Commission,5,87
C1236,Bharat Patel,DB005,Mehul Joshi,36,Active,May,2026,25-05-2026,31,1,31,58,284.03,1798,1828.26,253.77,UPI,Partial,Commission,5,89.9
C1236, Bharat Patel ,DB005,Mehul Joshi,36,Active,April,2026,27-04-2026,30,1,30,58,253.77,1740,1716.61,277.16,Cash,Pending,Commission,5,87
C1236,Bharat Patel,DB005,Mehul Joshi,36,Active,January,2026,29-01-2026,29,1,29,58,277.16,1682,1836.01,123.15,Bank Transfer,Pending,Commission,5,84.1
C1237,Piyush Mehta,DB006,Vishal Rabari,37,Active,February,2026,26-02-2026,15,2,30,60,256.87,1800,1857.43,199.44,Bank Transfer,Pending,Fixed Salary,0,0
C1237,Piyush Mehta,DB006,Vishal Rabari,37,Active,June,2026,28-06-2026,20,2,40,60,199.44,2400,2475.45,123.99,UPI,Pending,Fixed Salary,0,0
C1237,Piyush Mehta,DB006,Vishal Rabari,37,Active,January,2026,29-01-2026,6,2,12,60,123.99,720,692.18,151.81,UPI,Pending,Fixed Salary,0,0
C1238,Naresh Vyas,DB007,Karan Gohil,38,Active,February,2026,28-02-2026,22,2,44,58,121.14,2552,2593.3,79.84,,Partial,Commission,6,153.12
C1238,Naresh Vyas,DB007,Karan Gohil,38,Active,June,2026,29-06-2026,27,2,54,58,79.84,3132,3102.65,109.19,UPI,Partial,Commission,6,187.92
C1238,Naresh Vyas,DB007,Karan Gohil,38,Active,April,2026,26-04-2026,23,2,46,58,109.19,2668,2735.94,41.25,UPI,Pending,Commission,6,160.08
C1238,Naresh Vyas,DB007,Karan Gohil,38,Active,January,2026,26-01-2026,25,2,50,58,41.25,2900,2872.7,68.55,Upi,Pending,Commission,6,174
C1238,Naresh Vyas,DB007,Karan Gohil,38,,May,2026,31-05-2026,23,2,46,58,68.55,2668,2708.78,27.77,Cash,Pending,Commission,6,160.08
C1239,Ramesh Bhatti,DB001,Amit Patel,39,Active,February,2026,27-02-2026,27,2,54,60,251.01,3240,3440.68,50.33,Cash,Partial,Commission,5,162
C1239,Ramesh Bhatti,DB001,Amit Patel,39,Active,May,2026,25-05-2026,29,2,58,60,50.33,3480,3310.79,219.54,Cash,Partial,Commission,5,174
C1239,Ramesh Bhatti,DB001,Amit Patel,39,Active,April,2026,,30,2,60,60,219.54,3600,3595.23,224.31,Cash,Partial,Commission,5,180
C1240,Nilesh Rathod,DB002,Rahul Parmar,40,Active,May,2026,29-05-2026,31,2.5,77.5,62,167.65,4805,4846.25,126.4,Cash,Partial,Fixed Salary,0,0
C1240,Nilesh Rathod,DB002,Rahul Parmar,40,Active,January,2026,28-01-2026,31,2.5,77.5,62,126.4,4805,4822.89,108.51,Cash,Partial,Fixed Salary,0,0
C1240,Nilesh Rathod,DB002,Rahul Parmar,40,Active,February,2026,28-02-2026,27,2.5,67.5,62,108.51,4185,4182.08,111.43,Bank Transfer,Partial,Fixed Salary,0,0
C1240,Nilesh Rathod,DB002,Rahul Parmar,40,Active,April,2026,28-04-2026,28,2.5,70,62,111.43,4340,4354.42,97.01,UPI,Pending,Fixed Salary,0,0
C1240,Nilesh Rathod,DB002,Rahul Parmar,40,Active,March,2026,25-03-2026,30,2.5,75,62,97.01,4650,4694.51,52.5,UPI,Pending,Fixed Salary,0,0
C1241,Piyush Solanki,DB003,Jignesh Solanki,41,Active,April,2026,30-04-2026,28,1,28,58,366.45,1624,1789.68,200.77,Cash,Pending,Commission,4,64.96
C1241,Piyush Solanki,DB003,Jignesh Solanki,41,Active,March,2026,28-03-2026,29,1,29,58,200.77,1682,1643.75,239.02,Cash,Pending,Commission,4,67.28
C1241,Piyush Solanki,DB003,Jignesh Solanki,41,Active,January,2026,27-01-2026,23,1,23,58,,1334,1502.96,70.06,Cash,Partial,Commission,4,53.36
C1241,Piyush Solanki,DB003,Jignesh Solanki,41,Active,June,2026,26-06-2026,26,1,26,58,70.06,1508,1332.83,245.23,UPI,Pending,Commission,4,60.32
C1242,Mitesh Solanki,DB004,Hardik Chauhan,42,Inactive,June,2026,28-06-2026,28,3,84,64,248.51,5376,5415.73,208.78,UPI,Pending,Fixed Salary,0,0
C1242,Mitesh Solanki,DB004,Hardik Chauhan,42,Inactive,May,2026,29-05-2026,29,3,87,64,208.78,5568,5625.77,151.01,Bank Transfer,Paid,Fixed Salary,0,0
C1242,Mitesh Solanki,DB004,Hardik Chauhan,42,Inactive,April,2026,25-04-2026,28,3,84,64,151.01,5376,5395.16,131.85,UPI,Pending,Fixed Salary,0,0
C1242,Mitesh Solanki,DB004,Hardik Chauhan,42,Inactive,March,2026,30-03-2026,30,3,90,64,131.85,5760,5708.27,183.58,UPI,Pending,Fixed Salary,0,0
C1242,Mitesh Solanki,DB004,Hardik Chauhan,42,Inactive,January,2026,25-01-2026,29,3,87,64,183.58,5568,5653.34,98.24,Bank Transfer,Partial,Fixed Salary,0,0
C1243,Rajesh Vyas,DB005,Mehul Joshi,43,Active,April,2026,29-04-2026,24,1,24,65,38.42,1560,1430.28,168.14,UPI,Pending,Commission,5,78
C1243,Rajesh Vyas,DB005,Mehul Joshi,43,Active,January,2026,27-01-2026,27,1,27,65,168.14,1755,1878.49,44.65,,Pending,Commission,5,87.75
C1244,Harshad Shah,DB006,Vishal Rabari,44,,June,2026,26-06-2026,23,2,46,62,-64.19,2852,2611.58,176.23,Cash,Partial,Fixed Salary,0,0
C1244,Harshad Shah,DB006,Vishal Rabari,44,Active,April,2026,28-04-2026,27,2,54,62,176.23,3348,3424.56,99.67,Cash,Pending,Fixed Salary,0,0
C1244,Harshad Shah,DB006,Vishal Rabari,44,Active,February,2026,27-02-2026,26,2,52,62,99.67,3224,3181.14,142.53,Cash,Partial,Fixed Salary,0,0
C1244,Harshad Shah,DB006,Vishal Rabari,44,Active,March,2026,26-03-2026,23,2,46,62,142.53,2852,2866.88,127.65,Bank Transfer,Pending,Fixed Salary,0,0
C1245,Dilip Bhatti,DB007,Karan Gohil,45,Stopped,February,2026,26-02-2026,26,1.5,39,65,59.73,2535,2456.51,138.22,Bank Transfer,Partial,Commission,6,152.1
C1245,Dilip Bhatti,DB007,Karan Gohil,45,Stopped,June,2026,25-06-2026,23,1.5,34.5,65,138.22,2242.5,2187.52,193.2,Bank Transfer,Pending,Commission,6,134.55
C1245,Dilip Bhatti,DB007,Karan Gohil,45,Stopped,March,2026,25-03-2026,28,1.5,42,65,193.2,2730,2709.97,213.23,Cash,Partial,Commission,6,163.8
C1245,Dilip Bhatti,DB007,Karan Gohil,45,Stopped,April,2026,29-04-2026,24,1.5,36,65,213.23,2340,2525.8,27.43,UPI,Pending,Commission,6,140.4
C1246,Naresh Desai,DB001,Amit Patel,46,Active,June,2026,29-06-2026,6,1,6,65,303.61,390,686.76,6.85,Bank Transfer,Pending,Commission,5,19.5
C1246,Naresh Desai,DB001,Amit Patel,46,Active,January,2026,26-01-2026,7,1,7,65,6.85,455,215.23,246.62,,Pending,Commission,5,22.75
C1246,Naresh Desai,DB001,Amit Patel,46,Active,May,2026,28-05-2026,12,1,12,65,246.62,780,879.98,146.64,Bank Transfer,Pending,Commission,5,39
C1246,Naresh Desai,DB001,Amit Patel,46,Active,March,2026,31-03-2026,6,1,6,65,146.64,390,282.07,254.57,Cash,Pending,Commission,5,19.5
C1247,Nilesh Prajapati,DB002,Rahul Parmar,47,Active,March,2026,31-03-2026,25,3,75,64,280.3,4800,4998.56,81.74,UPI,Partial,Fixed Salary,0,0
C1247,Nilesh Prajapati,DB002,Rahul Parmar,47,Active,January,2026,29-01-2026,23,3,69,64,81.74,4416,4472.28,25.46,Cash,Pending,Fixed Salary,0,0
C1247,Nilesh Prajapati,DB002,Rahul Parmar,47,,February,2026,26-02-2026,21,3,63,64,25.46,4032,3861.18,196.28,Cash,Pending,Fixed Salary,0,0
C1247,Nilesh Prajapati,DB002,Rahul Parmar,47,Active,June,2026,26-06-2026,27,3,81,64,196.28,5184,5330.9,49.38,Bank Transfer,Pending,Fixed Salary,0,0
C1247,Nilesh Prajapati,DB002,Rahul Parmar,47,Active,April,2026,25-04-2026,26,3,78,64,49.38,4992,4779.13,262.25,upi,Paid,Fixed Salary,0,0
C1247,Nilesh Prajapati,DB002,Rahul Parmar,47,Active,May,2026,26-05-2026,24,3,72,64,262.25,4608,4759.91,110.34,Bank Transfer,Pending,Fixed Salary,0,0
C1248,Tushar Parmar,DB003,Jignesh Solanki,48,Active,January,2026,26-01-2026,29,2.5,72.5,64,-126.93,4640,4505.37,7.7,UPI,Partial,Commission,4,185.6
C1248,Tushar Parmar,DB003,Jignesh Solanki,48,Active,March,2026,29-03-2026,30,2.5,75,64,,4800,4719.39,88.31,Bank Transfer,Partial,Commission,4,192
C1249,Dharmesh Chauhan,DB004,Hardik Chauhan,49,Active,February,2026,28-02-2026,27,3,81,64,212.45,5184,5275.7,120.75,UPI,Pending,Fixed Salary,0,0
C1249,Dharmesh Chauhan,DB004,Hardik Chauhan,49,Active,June,2026,28-06-2026,28,3,84,64,120.75,5376,5331.33,165.42,Bank Transfer,Partial,Fixed Salary,0,0
C1249,Dharmesh Chauhan,DB004,Hardik Chauhan,49,Active,April,2026,29-04-2026,29,3,87,64,165.42,5568,5493.37,240.05,UPI,Pending,Fixed Salary,0,0
C1249,Dharmesh Chauhan,DB004,Hardik Chauhan,49,Active,January,2026,29-01-2026,30,3,90,64,240.05,5760,5740.76,259.29,UPI,Partial,Fixed Salary,0,0
C1250,Chirag Makwana,DB005,Mehul Joshi,50,Active,January,2026,27-01-2026,28,1,28,58,27.12,1624,1369.99,281.13,Cash,Pending,Commission,5,81.2
C1250,Chirag Makwana,DB005,Mehul Joshi,50,Active,May,2026,27-05-2026,23,1,23,58,281.13,1334,1571.49,43.64,Cash,Partial,Commission,5,66.7
C1250,Chirag Makwana,DB005,Mehul Joshi,50,Active,June,2026,28-06-2026,24,1,24,58,43.64,1392,1332.65,102.99,UPI,Pending,Commission,5,69.6
C1250,Chirag Makwana,DB005,Mehul Joshi,50,Active,April,2026,27-04-2026,27,1,27,58,102.99,1566,1425.37,243.62,Cash,Pending,Commission,5,78.3
C1092,Piyush Patel,DB001,Amit Patel,42,Active,February,2026,28-02-2026,26,1,26,62,-66.15,1612,1286.77,259.08,Cash,Partial,Commission,5,80.6
C1176,Nikunj Parmar,DB001,Amit Patel,26,Active,June,2026,26-06-2026,29,3,87,65,261.25,5655,5729.26,186.99,Bank Transfer,Pending,Commission,5,282.75
C1099,Bhavesh Mehta,DB001,Amit Patel,49,Active,April,2026,25-04-2026,29,1,29,62,197.66,1798,1949.21,46.45,UPI,Partial,Commission,5,89.9
C1173,Mahesh Desai,DB005,Mehul Joshi,23,Active,January,2026,26-01-2026,27,2,54,64,147.95,3456,3454.7,149.25,Bank Transfer,Pending,Commission,5,172.8
C1247,Nilesh Prajapati,DB002,Rahul Parmar,47,,February,2026,26-02-2026,21,3,63,64,25.46,4032,3861.18,196.28,Cash,Pending,Fixed Salary,0,0
C1042,Kalpesh Vyas,DB007,Karan Gohil,42,Active,May,2026,30-05-2026,29,1,29,62,29.27,1798,1577.57,249.7,Cash,Partial,Commission,6,107.88
C1186,Yash Vyas,DB004,Hardik Chauhan,36,Inactive,March,2026,28-03-2026,23,3,69,65,18.04,4485,4287.15,215.89,Bank Transfer,Partial,Fixed Salary,0,0
C1029,Kalpesh Kansara,DB001,Amit Patel,29,Active,March,2026,31-03-2026,30,2,60,64,391.36,3840,,213.95,UPI,Partial,Commission,5,192
C1025,Ajay Bhatti,DB004,Hardik Chauhan,25,Active,February,2026,27-02-2026,23,1.5,34.5,60,73.49,2070,2014.94,128.55,Bank Transfer,Partial,Fixed Salary,0,0
C1153,Harshad Rathod,DB006,Vishal Rabari,3,Active,June,2026,30-06-2026,28,1.5,42,58,118.32,2436,2281.46,272.86,Cash,Partial,Fixed Salary,0,0
C1095,Alpesh Thakkar,DB004,Hardik Chauhan,45,Stopped,April,2026,25-04-2026,30,0.5,15,60,26.48,900,866.53,59.95,,Pending,Fixed Salary,0,0
C1188,Jayesh Joshi,DB006,Vishal Rabari,38,Active,January,2026,25-01-2026,30,2.5,75,64,177.4,4800,4742.78,234.62,Bank Transfer,Pending,Fixed Salary,0,0
C1160,Jayesh Gohil,DB006,Vishal Rabari,10,Active,February,2026,28-02-2026,27,3,81,65,48.37,5265,5222.41,90.96,UPI,Partial,Fixed Salary,0,0
C1108,Kalpesh Mehta,DB003,Jignesh Solanki,8,Inactive,June,2026,28-06-2026,29,1,29,62,146.72,1798,1819.12,125.6,Bank Transfer,Pending,Commission,4,71.92
C1002,Ankit Parmar,DB002,Rahul Parmar,2,Active,May,2026,26-05-2026,31,2,62,58,83.82,3596,3601.72,78.1,Cash,Partial,Fixed Salary,0,0
C1059,Dilip Gohil,DB003,Jignesh Solanki,9,Active,February,2026,28-02-2026,26,0.5,13,64,64.39,832,870.15,26.24,UPI,Pending,Commission,4,33.28
C1238,Naresh Vyas,DB007,Karan Gohil,38,Active,January,2026,26-01-2026,25,2,50,58,41.25,2900,2872.7,68.55,Upi,Pending,Commission,6,174
C1032,Krunal Makwana,DB004,Hardik Chauhan,32,Active,April,2026,28-04-2026,28,0.5,14,65,65.47,910,892.84,82.63,Bank Transfer,Partial,Fixed Salary,0,0
C1202,Piyush Desai,DB006,Vishal Rabari,2,Active,June,2026,30-06-2026,27,3,81,64,363.4,5184,5458.52,88.88,Cash,Pending,Fixed Salary,0,0
C1035,Alpesh Chauhan,DB007,Karan Gohil,35,Active,June,2026,27-06-2026,27,1.5,40.5,64,292.92,2592,2772.06,112.86,UPI,Pending,Commission,6,155.52
